{"v":"5.8.1","fr":60,"ip":0,"op":180,"w":430,"h":430,"nm":"wired-outline-2451-invoice-receipt-general","ddd":0,"assets":[{"id":"comp_1","nm":"hover-pinch","fr":60,"layers":[{"ddd":0,"ind":1,"ty":4,"nm":"top","sr":1,"ks":{"o":{"a":0,"k":100,"ix":11},"r":{"a":0,"k":0,"ix":10},"p":{"a":0,"k":[215,30,0],"ix":2,"l":2},"a":{"a":0,"k":[0,0,0],"ix":1,"l":2},"s":{"a":0,"k":[100,100,100],"ix":6,"l":2}},"ao":0,"shapes":[{"ty":"gr","it":[{"ind":0,"ty":"sh","ix":1,"ks":{"a":0,"k":{"i":[[0,0],[0,0]],"o":[[0,0],[0,0]],"v":[[145,0],[-145,0]],"c":false},"ix":2},"nm":"Path 1","mn":"ADBE Vector Shape - Group","hd":false},{"ty":"st","c":{"a":0,"k":[0.129,0.145,0.161,1],"ix":3,"x":"var $bm_rt;\n$bm_rt = comp('wired-outline-2451-invoice-receipt-general').layer('control').effect('secondary')('Color');"},"o":{"a":0,"k":100,"ix":4},"w":{"a":0,"k":12,"ix":5,"x":"var $bm_rt;\n$bm_rt = $bm_mul($bm_div(value, 2), comp('wired-outline-2451-invoice-receipt-general').layer('control').effect('stroke')('Menu'));"},"lc":2,"lj":1,"ml":4,"bm":0,"nm":".secondary","mn":"ADBE Vector Graphic - Stroke","hd":false,"cl":"secondary"},{"ty":"tr","p":{"a":0,"k":[0,0],"ix":2},"a":{"a":0,"k":[0,0],"ix":1},"s":{"a":0,"k":[100,100],"ix":3},"r":{"a":0,"k":0,"ix":6},"o":{"a":0,"k":100,"ix":7},"sk":{"a":0,"k":0,"ix":4},"sa":{"a":0,"k":0,"ix":5},"nm":"Transform"}],"nm":"Vector 19","np":2,"cix":2,"bm":0,"ix":1,"mn":"ADBE Vector Group","hd":false}],"ip":0,"op":1038,"st":0,"bm":0},{"ddd":0,"ind":2,"ty":4,"nm":"Paper 3","sr":1,"ks":{"o":{"a":0,"k":100,"ix":11},"r":{"a":1,"k":[{"i":{"x":[0.667],"y":[1]},"o":{"x":[0.333],"y":[0]},"t":40,"s":[0]},{"i":{"x":[0.667],"y":[1]},"o":{"x":[0.333],"y":[0]},"t":45,"s":[-0.3]},{"i":{"x":[0.667],"y":[1]},"o":{"x":[0.333],"y":[0]},"t":52.568,"s":[0.3]},{"i":{"x":[0.667],"y":[1]},"o":{"x":[0.333],"y":[0]},"t":61.08,"s":[-0.3]},{"i":{"x":[0.667],"y":[1]},"o":{"x":[0.333],"y":[0]},"t":68.648,"s":[0.3]},{"i":{"x":[0.667],"y":[1]},"o":{"x":[0.333],"y":[0]},"t":77.162,"s":[-0.4]},{"i":{"x":[0.667],"y":[1]},"o":{"x":[0.333],"y":[0]},"t":85.676,"s":[0.358]},{"i":{"x":[0.667],"y":[1]},"o":{"x":[0.333],"y":[0]},"t":93.242,"s":[-0.4]},{"i":{"x":[0.667],"y":[1]},"o":{"x":[0.333],"y":[0]},"t":101.756,"s":[0.358]},{"i":{"x":[0.667],"y":[1]},"o":{"x":[0.333],"y":[0]},"t":110.27,"s":[-0.6]},{"i":{"x":[0.667],"y":[1]},"o":{"x":[0.333],"y":[0]},"t":117.838,"s":[0.6]},{"i":{"x":[0.667],"y":[1]},"o":{"x":[0.333],"y":[0]},"t":126.352,"s":[-0.6]},{"i":{"x":[0.667],"y":[1]},"o":{"x":[0.333],"y":[0]},"t":133.918,"s":[0.6]},{"i":{"x":[0.667],"y":[1]},"o":{"x":[0.333],"y":[0]},"t":141.486,"s":[0.8]},{"i":{"x":[0.667],"y":[1]},"o":{"x":[0.333],"y":[0]},"t":150,"s":[-0.8]},{"i":{"x":[0.667],"y":[1]},"o":{"x":[0.333],"y":[0]},"t":158.514,"s":[1]},{"i":{"x":[0.667],"y":[1]},"o":{"x":[0.333],"y":[0]},"t":168.691,"s":[-0.5]},{"t":180,"s":[0]}],"ix":10},"p":{"a":1,"k":[{"i":{"x":0.667,"y":1},"o":{"x":0.333,"y":0},"t":40,"s":[215,-341.489,0],"to":[0,0,0],"ti":[0,0,0]},{"i":{"x":0.667,"y":1},"o":{"x":0.333,"y":0},"t":48.514,"s":[215,-264.05,0],"to":[0,0,0],"ti":[0,0,0]},{"i":{"x":0.667,"y":1},"o":{"x":0.333,"y":0},"t":56.418,"s":[215,-276.05,0],"to":[0,0,0],"ti":[0,0,0]},{"i":{"x":0.667,"y":1},"o":{"x":0.333,"y":0},"t":64.717,"s":[215,-214.971,0],"to":[0,0,0],"ti":[0,0,0]},{"i":{"x":0.667,"y":1},"o":{"x":0.333,"y":0},"t":72.621,"s":[215,-226.971,0],"to":[0,0,0],"ti":[0,0,0]},{"i":{"x":0.667,"y":1},"o":{"x":0.333,"y":0},"t":80.918,"s":[215,-165.892,0],"to":[0,0,0],"ti":[0,0,0]},{"i":{"x":0.667,"y":1},"o":{"x":0.333,"y":0},"t":88.822,"s":[215,-177.892,0],"to":[0,0,0],"ti":[0,0,0]},{"i":{"x":0.667,"y":1},"o":{"x":0.333,"y":0},"t":97.125,"s":[215,-116.812,0],"to":[0,0,0],"ti":[0,0,0]},{"i":{"x":0.667,"y":1},"o":{"x":0.333,"y":0},"t":105.027,"s":[215,-128.812,0],"to":[0,0,0],"ti":[0,0,0]},{"i":{"x":0.667,"y":1},"o":{"x":0.333,"y":0},"t":113.326,"s":[215,-67.732,0],"to":[0,0,0],"ti":[0,0,0]},{"i":{"x":0.667,"y":1},"o":{"x":0.333,"y":0},"t":121.229,"s":[215,-79.732,0],"to":[0,0,0],"ti":[0,0,0]},{"i":{"x":0.667,"y":1},"o":{"x":0.333,"y":0},"t":129.529,"s":[215,-18.654,0],"to":[0,0,0],"ti":[0,0,0]},{"i":{"x":0.667,"y":1},"o":{"x":0.333,"y":0},"t":137.432,"s":[215,-30.654,0],"to":[0,0,0],"ti":[0,0,0]},{"i":{"x":0.667,"y":1},"o":{"x":0.333,"y":0},"t":145,"s":[215,22.499,0],"to":[0,0,0],"ti":[0,0,0]},{"i":{"x":0.667,"y":1},"o":{"x":0.333,"y":0},"t":153.514,"s":[215,10.499,0],"to":[0,0,0],"ti":[0,0,0]},{"t":162.02734375,"s":[215,46.511,0]}],"ix":2,"l":2},"a":{"a":0,"k":[0,-168.489,0],"ix":1,"l":2},"s":{"a":0,"k":[100,100,100],"ix":6,"l":2}},"ao":0,"shapes":[{"ty":"gr","it":[{"ind":0,"ty":"sh","ix":1,"ks":{"a":0,"k":{"i":[[0,0],[0,0],[0,0],[0,0],[0,0],[0,0],[0,-142.238],[0,0],[0,0],[0,0],[0,0],[0,0],[0,0],[0,0],[0,155.096],[0,0]],"o":[[0,0],[0,0],[0,0],[0,0],[0,0],[0,0],[0,155.096],[0,0],[0,0],[0,0],[0,0],[0,0],[0,0],[0,0],[0,-142.238],[0,0]],"v":[[86.5,-185],[43.125,-184.875],[-0.25,-185],[-43.5,-184.876],[-87,-185],[-130,-184.876],[-130,-11.762],[-130,185],[-86.667,155],[-43.333,185],[-0.236,155],[43.333,185],[86.667,155],[130,185],[130,-11.762],[130,-184.876]],"c":true},"ix":2},"nm":"Path 1","mn":"ADBE Vector Shape - Group","hd":false},{"ty":"tm","s":{"a":0,"k":10.2,"ix":1},"e":{"a":0,"k":90.2,"ix":2},"o":{"a":0,"k":23,"ix":3},"m":1,"ix":2,"nm":"Trim Paths 1","mn":"ADBE Vector Filter - Trim","hd":false},{"ty":"st","c":{"a":0,"k":[0.129,0.145,0.161,1],"ix":3,"x":"var $bm_rt;\n$bm_rt = comp('wired-outline-2451-invoice-receipt-general').layer('control').effect('primary')('Color');"},"o":{"a":0,"k":100,"ix":4},"w":{"a":0,"k":12,"ix":5,"x":"var $bm_rt;\n$bm_rt = $bm_mul($bm_div(value, 2), comp('wired-outline-2451-invoice-receipt-general').layer('control').effect('stroke')('Menu'));"},"lc":2,"lj":2,"bm":0,"nm":".primary","mn":"ADBE Vector Graphic - Stroke","hd":false,"cl":"primary"},{"ty":"tr","p":{"a":0,"k":[0,0],"ix":2},"a":{"a":0,"k":[0,0],"ix":1},"s":{"a":0,"k":[100,100],"ix":3},"r":{"a":0,"k":0,"ix":6},"o":{"a":0,"k":100,"ix":7},"sk":{"a":0,"k":0,"ix":4},"sa":{"a":0,"k":0,"ix":5},"nm":"Transform"}],"nm":"Vector 20","np":3,"cix":2,"bm":0,"ix":1,"mn":"ADBE Vector Group","hd":false}],"ip":163,"op":750,"st":96,"bm":0},{"ddd":0,"ind":3,"ty":4,"nm":"lines-general 3","parent":2,"sr":1,"ks":{"o":{"a":0,"k":100,"ix":11},"r":{"a":0,"k":0,"ix":10},"p":{"a":0,"k":[0,-10,0],"ix":2,"l":2},"a":{"a":0,"k":[0,0,0],"ix":1,"l":2},"s":{"a":0,"k":[100,100,100],"ix":6,"l":2}},"ao":0,"shapes":[{"ty":"gr","it":[{"ind":0,"ty":"sh","ix":1,"ks":{"a":0,"k":{"i":[[0,0],[0,0]],"o":[[0,0],[0,0]],"v":[[25,95],[-85,95]],"c":false},"ix":2},"nm":"Path 1","mn":"ADBE Vector Shape - Group","hd":false},{"ind":1,"ty":"sh","ix":2,"ks":{"a":0,"k":{"i":[[0,0],[0,0]],"o":[[0,0],[0,0]],"v":[[25,55],[-85,55]],"c":false},"ix":2},"nm":"Path 2","mn":"ADBE Vector Shape - Group","hd":false},{"ind":2,"ty":"sh","ix":3,"ks":{"a":0,"k":{"i":[[0,0],[0,0]],"o":[[0,0],[0,0]],"v":[[25,15],[-85,15]],"c":false},"ix":2},"nm":"Path 3","mn":"ADBE Vector Shape - Group","hd":false},{"ind":3,"ty":"sh","ix":4,"ks":{"a":0,"k":{"i":[[0,0],[0,0]],"o":[[0,0],[0,0]],"v":[[-4,-95],[-85,-95]],"c":false},"ix":2},"nm":"Path 4","mn":"ADBE Vector Shape - Group","hd":false},{"ind":4,"ty":"sh","ix":5,"ks":{"a":0,"k":{"i":[[0,0],[0,0]],"o":[[0,0],[0,0]],"v":[[25,-25],[-85,-25]],"c":false},"ix":2},"nm":"Path 5","mn":"ADBE Vector Shape - Group","hd":false},{"ind":5,"ty":"sh","ix":6,"ks":{"a":0,"k":{"i":[[0,0],[0,0]],"o":[[0,0],[0,0]],"v":[[85,95],[60,95]],"c":false},"ix":2},"nm":"Path 6","mn":"ADBE Vector Shape - Group","hd":false},{"ind":6,"ty":"sh","ix":7,"ks":{"a":0,"k":{"i":[[0,0],[0,0]],"o":[[0,0],[0,0]],"v":[[85,55],[60,55]],"c":false},"ix":2},"nm":"Path 7","mn":"ADBE Vector Shape - Group","hd":false},{"ind":7,"ty":"sh","ix":8,"ks":{"a":0,"k":{"i":[[0,0],[0,0]],"o":[[0,0],[0,0]],"v":[[85,15],[60,15]],"c":false},"ix":2},"nm":"Path 8","mn":"ADBE Vector Shape - Group","hd":false},{"ind":8,"ty":"sh","ix":9,"ks":{"a":0,"k":{"i":[[0,0],[0,0]],"o":[[0,0],[0,0]],"v":[[85,-25],[60,-25]],"c":false},"ix":2},"nm":"Path 9","mn":"ADBE Vector Shape - Group","hd":false},{"ty":"mm","mm":1,"nm":"Merge Paths 1","mn":"ADBE Vector Filter - Merge","hd":false},{"ty":"st","c":{"a":0,"k":[0.129,0.145,0.161,1],"ix":3,"x":"var $bm_rt;\n$bm_rt = comp('wired-outline-2451-invoice-receipt-general').layer('control').effect('primary')('Color');"},"o":{"a":0,"k":100,"ix":4},"w":{"a":0,"k":12,"ix":5,"x":"var $bm_rt;\n$bm_rt = $bm_mul($bm_div(value, 2), comp('wired-outline-2451-invoice-receipt-general').layer('control').effect('stroke')('Menu'));"},"lc":2,"lj":1,"ml":4,"bm":0,"nm":".primary","mn":"ADBE Vector Graphic - Stroke","hd":false,"cl":"primary"},{"ty":"tr","p":{"a":0,"k":[0,0],"ix":2},"a":{"a":0,"k":[0,0],"ix":1},"s":{"a":0,"k":[100,100],"ix":3},"r":{"a":0,"k":0,"ix":6},"o":{"a":0,"k":100,"ix":7},"sk":{"a":0,"k":0,"ix":4},"sa":{"a":0,"k":0,"ix":5},"nm":"Transform"}],"nm":"Vector","np":11,"cix":2,"bm":0,"ix":1,"mn":"ADBE Vector Group","hd":false}],"ip":163,"op":750,"st":96,"bm":0},{"ddd":0,"ind":4,"ty":4,"nm":"mask","td":1,"sr":1,"ks":{"o":{"a":0,"k":100,"ix":11},"r":{"a":0,"k":0,"ix":10},"p":{"a":0,"k":[215,215,0],"ix":2,"l":2},"a":{"a":0,"k":[0,0,0],"ix":1,"l":2},"s":{"a":0,"k":[100,100,100],"ix":6,"l":2}},"ao":0,"shapes":[{"ty":"gr","it":[{"ty":"rc","d":1,"s":{"a":0,"k":[377.316,132.871],"ix":2},"p":{"a":0,"k":[0,0],"ix":3},"r":{"a":0,"k":0,"ix":4},"nm":"Rectangle Path 1","mn":"ADBE Vector Shape - Rect","hd":false},{"ty":"st","c":{"a":0,"k":[1,0,0,1],"ix":3},"o":{"a":0,"k":100,"ix":4},"w":{"a":0,"k":0,"ix":5,"x":"var $bm_rt;\n$bm_rt = $bm_mul($bm_div(value, 2), comp('wired-outline-2451-invoice-receipt-general').layer('control').effect('stroke')('Menu'));"},"lc":1,"lj":1,"ml":4,"bm":0,"nm":"Stroke 1","mn":"ADBE Vector Graphic - Stroke","hd":false},{"ty":"fl","c":{"a":0,"k":[0.031373001547,0.658824008119,0.541175991881,1],"ix":4},"o":{"a":0,"k":100,"ix":5},"r":1,"bm":0,"nm":"Fill 1","mn":"ADBE Vector Graphic - Fill","hd":false},{"ty":"tr","p":{"a":0,"k":[0.658,-253.436],"ix":2},"a":{"a":0,"k":[0,0],"ix":1},"s":{"a":0,"k":[100,100],"ix":3},"r":{"a":0,"k":0,"ix":6},"o":{"a":0,"k":100,"ix":7},"sk":{"a":0,"k":0,"ix":4},"sa":{"a":0,"k":0,"ix":5},"nm":"Transform"}],"nm":"Rectangle 1","np":3,"cix":2,"bm":0,"ix":1,"mn":"ADBE Vector Group","hd":false}],"ip":40,"op":163,"st":0,"bm":0},{"ddd":0,"ind":5,"ty":4,"nm":"Paper 2","tt":2,"sr":1,"ks":{"o":{"a":0,"k":100,"ix":11},"r":{"a":1,"k":[{"i":{"x":[0.667],"y":[1]},"o":{"x":[0.333],"y":[0]},"t":40,"s":[0]},{"i":{"x":[0.667],"y":[1]},"o":{"x":[0.333],"y":[0]},"t":45,"s":[-0.3]},{"i":{"x":[0.667],"y":[1]},"o":{"x":[0.333],"y":[0]},"t":52.568,"s":[0.3]},{"i":{"x":[0.667],"y":[1]},"o":{"x":[0.333],"y":[0]},"t":61.08,"s":[-0.3]},{"i":{"x":[0.667],"y":[1]},"o":{"x":[0.333],"y":[0]},"t":68.648,"s":[0.3]},{"i":{"x":[0.667],"y":[1]},"o":{"x":[0.333],"y":[0]},"t":77.162,"s":[-0.4]},{"i":{"x":[0.667],"y":[1]},"o":{"x":[0.333],"y":[0]},"t":85.676,"s":[0.358]},{"i":{"x":[0.667],"y":[1]},"o":{"x":[0.333],"y":[0]},"t":93.242,"s":[-0.4]},{"i":{"x":[0.667],"y":[1]},"o":{"x":[0.333],"y":[0]},"t":101.756,"s":[0.358]},{"i":{"x":[0.667],"y":[1]},"o":{"x":[0.333],"y":[0]},"t":110.27,"s":[-0.6]},{"i":{"x":[0.667],"y":[1]},"o":{"x":[0.333],"y":[0]},"t":117.838,"s":[0.6]},{"i":{"x":[0.667],"y":[1]},"o":{"x":[0.333],"y":[0]},"t":126.352,"s":[-0.6]},{"i":{"x":[0.667],"y":[1]},"o":{"x":[0.333],"y":[0]},"t":133.918,"s":[0.6]},{"i":{"x":[0.667],"y":[1]},"o":{"x":[0.333],"y":[0]},"t":141.486,"s":[0.8]},{"i":{"x":[0.667],"y":[1]},"o":{"x":[0.333],"y":[0]},"t":150,"s":[-0.8]},{"i":{"x":[0.667],"y":[1]},"o":{"x":[0.333],"y":[0]},"t":158.514,"s":[1]},{"i":{"x":[0.667],"y":[1]},"o":{"x":[0.333],"y":[0]},"t":168.691,"s":[-0.5]},{"t":180,"s":[0]}],"ix":10},"p":{"a":1,"k":[{"i":{"x":0.667,"y":1},"o":{"x":0.333,"y":0},"t":40,"s":[215,-341.489,0],"to":[0,0,0],"ti":[0,0,0]},{"i":{"x":0.667,"y":1},"o":{"x":0.333,"y":0},"t":48.514,"s":[215,-264.05,0],"to":[0,0,0],"ti":[0,0,0]},{"i":{"x":0.667,"y":1},"o":{"x":0.333,"y":0},"t":56.418,"s":[215,-276.05,0],"to":[0,0,0],"ti":[0,0,0]},{"i":{"x":0.667,"y":1},"o":{"x":0.333,"y":0},"t":64.717,"s":[215,-214.971,0],"to":[0,0,0],"ti":[0,0,0]},{"i":{"x":0.667,"y":1},"o":{"x":0.333,"y":0},"t":72.621,"s":[215,-226.971,0],"to":[0,0,0],"ti":[0,0,0]},{"i":{"x":0.667,"y":1},"o":{"x":0.333,"y":0},"t":80.918,"s":[215,-165.892,0],"to":[0,0,0],"ti":[0,0,0]},{"i":{"x":0.667,"y":1},"o":{"x":0.333,"y":0},"t":88.822,"s":[215,-177.892,0],"to":[0,0,0],"ti":[0,0,0]},{"i":{"x":0.667,"y":1},"o":{"x":0.333,"y":0},"t":97.125,"s":[215,-116.812,0],"to":[0,0,0],"ti":[0,0,0]},{"i":{"x":0.667,"y":1},"o":{"x":0.333,"y":0},"t":105.027,"s":[215,-128.812,0],"to":[0,0,0],"ti":[0,0,0]},{"i":{"x":0.667,"y":1},"o":{"x":0.333,"y":0},"t":113.326,"s":[215,-67.732,0],"to":[0,0,0],"ti":[0,0,0]},{"i":{"x":0.667,"y":1},"o":{"x":0.333,"y":0},"t":121.229,"s":[215,-79.732,0],"to":[0,0,0],"ti":[0,0,0]},{"i":{"x":0.667,"y":1},"o":{"x":0.333,"y":0},"t":129.529,"s":[215,-18.654,0],"to":[0,0,0],"ti":[0,0,0]},{"i":{"x":0.667,"y":1},"o":{"x":0.333,"y":0},"t":137.432,"s":[215,-30.654,0],"to":[0,0,0],"ti":[0,0,0]},{"i":{"x":0.667,"y":1},"o":{"x":0.333,"y":0},"t":145,"s":[215,22.499,0],"to":[0,0,0],"ti":[0,0,0]},{"i":{"x":0.667,"y":1},"o":{"x":0.333,"y":0},"t":153.514,"s":[215,10.499,0],"to":[0,0,0],"ti":[0,0,0]},{"t":162.02734375,"s":[215,46.511,0]}],"ix":2,"l":2},"a":{"a":0,"k":[0,-168.489,0],"ix":1,"l":2},"s":{"a":0,"k":[100,100,100],"ix":6,"l":2}},"ao":0,"shapes":[{"ty":"gr","it":[{"ind":0,"ty":"sh","ix":1,"ks":{"a":0,"k":{"i":[[0,0],[0,0],[0,0],[0,0],[0,0],[0,0],[0,-142.238],[0,0],[0,0],[0,0],[0,0],[0,0],[0,0],[0,0],[0,155.096],[0,0]],"o":[[0,0],[0,0],[0,0],[0,0],[0,0],[0,0],[0,155.096],[0,0],[0,0],[0,0],[0,0],[0,0],[0,0],[0,0],[0,-142.238],[0,0]],"v":[[86.5,-185],[43.125,-184.875],[-0.25,-185],[-43.5,-184.876],[-87,-185],[-130,-184.876],[-130,-11.762],[-130,185],[-86.667,155],[-43.333,185],[-0.236,155],[43.333,185],[86.667,155],[130,185],[130,-11.762],[130,-184.876]],"c":true},"ix":2},"nm":"Path 1","mn":"ADBE Vector Shape - Group","hd":false},{"ty":"tm","s":{"a":0,"k":10.2,"ix":1},"e":{"a":0,"k":90.2,"ix":2},"o":{"a":0,"k":23,"ix":3},"m":1,"ix":2,"nm":"Trim Paths 1","mn":"ADBE Vector Filter - Trim","hd":false},{"ty":"st","c":{"a":0,"k":[0.129,0.145,0.161,1],"ix":3,"x":"var $bm_rt;\n$bm_rt = comp('wired-outline-2451-invoice-receipt-general').layer('control').effect('primary')('Color');"},"o":{"a":0,"k":100,"ix":4},"w":{"a":0,"k":12,"ix":5,"x":"var $bm_rt;\n$bm_rt = $bm_mul($bm_div(value, 2), comp('wired-outline-2451-invoice-receipt-general').layer('control').effect('stroke')('Menu'));"},"lc":2,"lj":2,"bm":0,"nm":".primary","mn":"ADBE Vector Graphic - Stroke","hd":false,"cl":"primary"},{"ty":"tr","p":{"a":0,"k":[0,0],"ix":2},"a":{"a":0,"k":[0,0],"ix":1},"s":{"a":0,"k":[100,100],"ix":3},"r":{"a":0,"k":0,"ix":6},"o":{"a":0,"k":100,"ix":7},"sk":{"a":0,"k":0,"ix":4},"sa":{"a":0,"k":0,"ix":5},"nm":"Transform"}],"nm":"Vector 20","np":3,"cix":2,"bm":0,"ix":1,"mn":"ADBE Vector Group","hd":false}],"ip":40,"op":163,"st":96,"bm":0},{"ddd":0,"ind":6,"ty":4,"nm":"mask 5","td":1,"sr":1,"ks":{"o":{"a":0,"k":100,"ix":11},"r":{"a":0,"k":0,"ix":10},"p":{"a":0,"k":[215,215,0],"ix":2,"l":2},"a":{"a":0,"k":[0,0,0],"ix":1,"l":2},"s":{"a":0,"k":[100,100,100],"ix":6,"l":2}},"ao":0,"shapes":[{"ty":"gr","it":[{"ty":"rc","d":1,"s":{"a":0,"k":[377.316,132.871],"ix":2},"p":{"a":0,"k":[0,0],"ix":3},"r":{"a":0,"k":0,"ix":4},"nm":"Rectangle Path 1","mn":"ADBE Vector Shape - Rect","hd":false},{"ty":"st","c":{"a":0,"k":[1,0,0,1],"ix":3},"o":{"a":0,"k":100,"ix":4},"w":{"a":0,"k":0,"ix":5,"x":"var $bm_rt;\n$bm_rt = $bm_mul($bm_div(value, 2), comp('wired-outline-2451-invoice-receipt-general').layer('control').effect('stroke')('Menu'));"},"lc":1,"lj":1,"ml":4,"bm":0,"nm":"Stroke 1","mn":"ADBE Vector Graphic - Stroke","hd":false},{"ty":"fl","c":{"a":0,"k":[0.031373001547,0.658824008119,0.541175991881,1],"ix":4},"o":{"a":0,"k":100,"ix":5},"r":1,"bm":0,"nm":"Fill 1","mn":"ADBE Vector Graphic - Fill","hd":false},{"ty":"tr","p":{"a":0,"k":[0.658,-253.436],"ix":2},"a":{"a":0,"k":[0,0],"ix":1},"s":{"a":0,"k":[100,100],"ix":3},"r":{"a":0,"k":0,"ix":6},"o":{"a":0,"k":100,"ix":7},"sk":{"a":0,"k":0,"ix":4},"sa":{"a":0,"k":0,"ix":5},"nm":"Transform"}],"nm":"Rectangle 1","np":3,"cix":2,"bm":0,"ix":1,"mn":"ADBE Vector Group","hd":false}],"ip":40,"op":163,"st":0,"bm":0},{"ddd":0,"ind":7,"ty":4,"nm":"lines-general 2","parent":5,"tt":2,"sr":1,"ks":{"o":{"a":0,"k":100,"ix":11},"r":{"a":0,"k":0,"ix":10},"p":{"a":0,"k":[0,-10,0],"ix":2,"l":2},"a":{"a":0,"k":[0,0,0],"ix":1,"l":2},"s":{"a":0,"k":[100,100,100],"ix":6,"l":2}},"ao":0,"shapes":[{"ty":"gr","it":[{"ind":0,"ty":"sh","ix":1,"ks":{"a":0,"k":{"i":[[0,0],[0,0]],"o":[[0,0],[0,0]],"v":[[25,95],[-85,95]],"c":false},"ix":2},"nm":"Path 1","mn":"ADBE Vector Shape - Group","hd":false},{"ind":1,"ty":"sh","ix":2,"ks":{"a":0,"k":{"i":[[0,0],[0,0]],"o":[[0,0],[0,0]],"v":[[25,55],[-85,55]],"c":false},"ix":2},"nm":"Path 2","mn":"ADBE Vector Shape - Group","hd":false},{"ind":2,"ty":"sh","ix":3,"ks":{"a":0,"k":{"i":[[0,0],[0,0]],"o":[[0,0],[0,0]],"v":[[25,15],[-85,15]],"c":false},"ix":2},"nm":"Path 3","mn":"ADBE Vector Shape - Group","hd":false},{"ind":3,"ty":"sh","ix":4,"ks":{"a":0,"k":{"i":[[0,0],[0,0]],"o":[[0,0],[0,0]],"v":[[-4,-95],[-85,-95]],"c":false},"ix":2},"nm":"Path 4","mn":"ADBE Vector Shape - Group","hd":false},{"ind":4,"ty":"sh","ix":5,"ks":{"a":0,"k":{"i":[[0,0],[0,0]],"o":[[0,0],[0,0]],"v":[[25,-25],[-85,-25]],"c":false},"ix":2},"nm":"Path 5","mn":"ADBE Vector Shape - Group","hd":false},{"ind":5,"ty":"sh","ix":6,"ks":{"a":0,"k":{"i":[[0,0],[0,0]],"o":[[0,0],[0,0]],"v":[[85,95],[60,95]],"c":false},"ix":2},"nm":"Path 6","mn":"ADBE Vector Shape - Group","hd":false},{"ind":6,"ty":"sh","ix":7,"ks":{"a":0,"k":{"i":[[0,0],[0,0]],"o":[[0,0],[0,0]],"v":[[85,55],[60,55]],"c":false},"ix":2},"nm":"Path 7","mn":"ADBE Vector Shape - Group","hd":false},{"ind":7,"ty":"sh","ix":8,"ks":{"a":0,"k":{"i":[[0,0],[0,0]],"o":[[0,0],[0,0]],"v":[[85,15],[60,15]],"c":false},"ix":2},"nm":"Path 8","mn":"ADBE Vector Shape - Group","hd":false},{"ind":8,"ty":"sh","ix":9,"ks":{"a":0,"k":{"i":[[0,0],[0,0]],"o":[[0,0],[0,0]],"v":[[85,-25],[60,-25]],"c":false},"ix":2},"nm":"Path 9","mn":"ADBE Vector Shape - Group","hd":false},{"ty":"mm","mm":1,"nm":"Merge Paths 1","mn":"ADBE Vector Filter - Merge","hd":false},{"ty":"st","c":{"a":0,"k":[0.129,0.145,0.161,1],"ix":3,"x":"var $bm_rt;\n$bm_rt = comp('wired-outline-2451-invoice-receipt-general').layer('control').effect('primary')('Color');"},"o":{"a":0,"k":100,"ix":4},"w":{"a":0,"k":12,"ix":5,"x":"var $bm_rt;\n$bm_rt = $bm_mul($bm_div(value, 2), comp('wired-outline-2451-invoice-receipt-general').layer('control').effect('stroke')('Menu'));"},"lc":2,"lj":1,"ml":4,"bm":0,"nm":".primary","mn":"ADBE Vector Graphic - Stroke","hd":false,"cl":"primary"},{"ty":"tr","p":{"a":0,"k":[0,0],"ix":2},"a":{"a":0,"k":[0,0],"ix":1},"s":{"a":0,"k":[100,100],"ix":3},"r":{"a":0,"k":0,"ix":6},"o":{"a":0,"k":100,"ix":7},"sk":{"a":0,"k":0,"ix":4},"sa":{"a":0,"k":0,"ix":5},"nm":"Transform"}],"nm":"Vector","np":11,"cix":2,"bm":0,"ix":1,"mn":"ADBE Vector Group","hd":false}],"ip":40,"op":163,"st":96,"bm":0},{"ddd":0,"ind":8,"ty":4,"nm":"Paper","sr":1,"ks":{"o":{"a":0,"k":100,"ix":11},"r":{"a":1,"k":[{"i":{"x":[0.41],"y":[1]},"o":{"x":[0.167],"y":[0.167]},"t":28,"s":[0]},{"i":{"x":[0.41],"y":[0.604]},"o":{"x":[0.59],"y":[0]},"t":54,"s":[-91]},{"i":{"x":[0.833],"y":[0.833]},"o":{"x":[0.59],"y":[0.268]},"t":79,"s":[-45]},{"t":95,"s":[-1]}],"ix":10},"p":{"a":1,"k":[{"i":{"x":0.667,"y":0.791},"o":{"x":0.167,"y":0.167},"t":28,"s":[215,215,0],"to":[0,0,0],"ti":[5.598,-71.259,0]},{"i":{"x":0.667,"y":0.751},"o":{"x":0.333,"y":0.247},"t":48,"s":[322,366,0],"to":[-5.513,70.181,0],"ti":[13.844,-79.904,0]},{"i":{"x":0.833,"y":0.833},"o":{"x":0.333,"y":0.223},"t":73,"s":[187,504,0],"to":[-15.06,86.923,0],"ti":[0,0,0]},{"t":95,"s":[232,693,0]}],"ix":2,"l":2},"a":{"a":0,"k":[0,0,0],"ix":1,"l":2},"s":{"a":0,"k":[100,100,100],"ix":6,"l":2}},"ao":0,"shapes":[{"ty":"gr","it":[{"ind":0,"ty":"sh","ix":1,"ks":{"a":1,"k":[{"i":{"x":0.125,"y":1},"o":{"x":0.333,"y":0},"t":0,"s":[{"i":[[0,0],[0,0],[0,0],[0,0],[0,0],[0,0],[0,-142.238],[0,0],[0,0],[0,0],[0,0],[0,0],[0,0],[0,0],[0,155.096],[0,0]],"o":[[0,0],[0,0],[0,0],[0,0],[0,0],[0,0],[0,155.096],[0,0],[0,0],[0,0],[0,0],[0,0],[0,0],[0,0],[0,-142.238],[0,0]],"v":[[86.5,-185],[43.125,-184.875],[-0.25,-185],[-43.5,-184.876],[-87,-185],[-130,-184.876],[-130,-11.762],[-130,185],[-86.667,155],[-43.333,185],[-0.236,155],[43.333,185],[86.667,155],[130,185],[130,-11.762],[130,-184.876]],"c":true}]},{"i":{"x":0.833,"y":0.833},"o":{"x":0.756,"y":0},"t":15,"s":[{"i":[[0,0],[0,0],[0,0],[0,0],[0,0],[0,0],[12.347,-141.701],[0,0],[0,0],[0,0],[0,0],[0,0],[0,0],[0,0],[-7,114.762],[0,0]],"o":[[0,0],[0,0],[0,0],[0,0],[0,0],[0,0],[-10,114.762],[0,0],[0,0],[0,0],[0,0],[0,0],[0,0],[0,0],[8.66,-141.974],[0,0]],"v":[[86.5,-184.75],[43.125,-184.875],[-0.25,-184.75],[-43.5,-184.874],[-87,-184.75],[-130,-184.874],[-138,-9.762],[-193.502,125.918],[-134.711,105.751],[-107.024,131.633],[-48.468,111.451],[-20.546,137.348],[38.245,117.182],[65.932,143.064],[120,-9.762],[130,-184.874]],"c":true}]},{"i":{"x":0.833,"y":0.833},"o":{"x":0.167,"y":0.167},"t":28,"s":[{"i":[[0,0],[0,0],[0,0],[0,0],[0,0],[0,0],[-5.657,-142.125],[0,0],[0,0],[0,0],[0,0],[0,0],[0,0],[0,0],[6.168,154.973],[0,0]],"o":[[0,0],[0,0],[0,0],[0,0],[0,0],[0,0],[6.168,154.973],[0,0],[0,0],[0,0],[0,0],[0,0],[0,0],[0,0],[-5.657,-142.125],[0,0]],"v":[[86.5,-184.75],[43.125,-184.875],[-0.25,-184.75],[-43.5,-184.874],[-87,-184.75],[-130,-184.874],[-125.153,-2.587],[-101.759,211.26],[-60.88,177.994],[-15.353,204.547],[25.292,171.3],[71.053,197.835],[111.933,164.569],[157.46,191.123],[134.641,-12.927],[130,-184.874]],"c":true}]},{"i":{"x":0.667,"y":1},"o":{"x":0.167,"y":0.167},"t":32,"s":[{"i":[[0,0],[0,0],[0,0],[0,0],[0,0],[0,0],[-5.657,-138.913],[0,0],[0,0],[0,0],[0,0],[0,0],[0,0],[0,0],[0.119,151.596],[0,0]],"o":[[0,0],[0,0],[0,0],[0,0],[0,0],[0,0],[6.168,151.47],[0,0],[0,0],[0,0],[0,0],[0,0],[0,0],[0,0],[-0.086,-109.374],[0,0]],"v":[[110.804,-179.23],[58.689,-164.814],[29.063,-208.279],[-22.919,-193.868],[-52.679,-237.328],[-103.282,-222.471],[-130.888,-1.239],[-101.759,211.259],[-64.075,178.171],[-15.353,204.547],[22.097,171.477],[71.053,197.835],[108.738,164.747],[157.46,191.123],[128.906,-11.345],[141.708,-135.408]],"c":true}]},{"i":{"x":0.667,"y":1},"o":{"x":0.333,"y":0},"t":48,"s":[{"i":[[0,0],[0,0],[0,0],[0,0],[0,0],[0,0],[-5.657,-126.064],[0,0],[0,0],[0,0],[0,0],[0,0],[0,0],[0,0],[6.168,137.46],[0,0]],"o":[[0,0],[0,0],[0,0],[0,0],[0,0],[0,0],[6.168,137.46],[0,0],[0,0],[0,0],[0,0],[0,0],[0,0],[0,0],[-5.657,-126.064],[0,0]],"v":[[86.5,-215],[37.134,-184.542],[-0.25,-215],[-49.491,-184.792],[-87,-215],[-130,-185],[-153.831,4.157],[-101.759,211.26],[-76.855,178.882],[-15.353,204.547],[9.317,172.188],[71.053,197.835],[95.957,165.458],[157.46,191.123],[105.964,-5.015],[130,-185]],"c":true}]},{"t":73,"s":[{"i":[[0,0],[0,0],[0,0],[0,0],[0,0],[0,0],[4.328,-142.172],[0,0],[0,0],[0,0],[0,0],[0,0],[0,0],[0,0],[-4.72,155.024],[0,0]],"o":[[0,0],[0,0],[0,0],[0,0],[0,0],[0,0],[-4.72,155.024],[0,0],[0,0],[0,0],[0,0],[0,0],[0,0],[0,0],[4.328,-142.172],[0,0]],"v":[[86.5,-215],[54.272,-182.941],[-0.25,-215],[-32.353,-183.191],[-87,-215],[-130,-185],[-108.509,-9.879],[-130,185],[-71.432,154.055],[-43.333,185],[15,154.055],[43.333,185],[101.902,154.055],[130,185],[151.371,-1.966],[130,-185]],"c":true}]}],"ix":2},"nm":"Path 1","mn":"ADBE Vector Shape - Group","hd":false},{"ty":"tm","s":{"a":1,"k":[{"i":{"x":[0.667],"y":[1]},"o":{"x":[0.333],"y":[0]},"t":0,"s":[10.2]},{"i":{"x":[0.833],"y":[0.833]},"o":{"x":[0.333],"y":[0]},"t":15,"s":[10.7]},{"i":{"x":[0.833],"y":[0.833]},"o":{"x":[0.167],"y":[0.167]},"t":28,"s":[9.8]},{"t":29,"s":[0]}],"ix":1},"e":{"a":1,"k":[{"i":{"x":[0.667],"y":[1]},"o":{"x":[0.333],"y":[0]},"t":0,"s":[90.2]},{"i":{"x":[0.833],"y":[0.833]},"o":{"x":[0.333],"y":[0]},"t":15,"s":[89.5]},{"i":{"x":[0.833],"y":[0.833]},"o":{"x":[0.167],"y":[0.167]},"t":28,"s":[90.2]},{"t":29,"s":[100]}],"ix":2},"o":{"a":1,"k":[{"i":{"x":[0.667],"y":[1]},"o":{"x":[0.333],"y":[0]},"t":0,"s":[23]},{"i":{"x":[0.833],"y":[0.833]},"o":{"x":[0.333],"y":[0]},"t":15,"s":[25]},{"t":28,"s":[23]}],"ix":3},"m":1,"ix":2,"nm":"Trim Paths 1","mn":"ADBE Vector Filter - Trim","hd":false},{"ty":"st","c":{"a":0,"k":[0.129,0.145,0.161,1],"ix":3,"x":"var $bm_rt;\n$bm_rt = comp('wired-outline-2451-invoice-receipt-general').layer('control').effect('primary')('Color');"},"o":{"a":0,"k":100,"ix":4},"w":{"a":0,"k":12,"ix":5,"x":"var $bm_rt;\n$bm_rt = $bm_mul($bm_div(value, 2), comp('wired-outline-2451-invoice-receipt-general').layer('control').effect('stroke')('Menu'));"},"lc":2,"lj":2,"bm":0,"nm":".primary","mn":"ADBE Vector Graphic - Stroke","hd":false,"cl":"primary"},{"ty":"tr","p":{"a":0,"k":[0,0],"ix":2},"a":{"a":0,"k":[0,0],"ix":1},"s":{"a":0,"k":[100,100],"ix":3},"r":{"a":0,"k":0,"ix":6},"o":{"a":0,"k":100,"ix":7},"sk":{"a":0,"k":0,"ix":4},"sa":{"a":0,"k":0,"ix":5},"nm":"Transform"}],"nm":"Vector 20","np":3,"cix":2,"bm":0,"ix":1,"mn":"ADBE Vector Group","hd":false}],"ip":0,"op":93,"st":0,"bm":0},{"ddd":0,"ind":9,"ty":4,"nm":"lines-general","parent":8,"sr":1,"ks":{"o":{"a":0,"k":100,"ix":11},"r":{"a":0,"k":0,"ix":10},"p":{"a":0,"k":[0,-10,0],"ix":2,"l":2},"a":{"a":0,"k":[0,0,0],"ix":1,"l":2},"s":{"a":0,"k":[100,100,100],"ix":6,"l":2}},"ao":0,"shapes":[{"ty":"gr","it":[{"ind":0,"ty":"sh","ix":1,"ks":{"a":1,"k":[{"i":{"x":0.25,"y":1},"o":{"x":0.333,"y":0},"t":0,"s":[{"i":[[0,0],[0,0]],"o":[[0,0],[0,0]],"v":[[25,95],[-85,95]],"c":false}]},{"i":{"x":0.833,"y":0.833},"o":{"x":0.75,"y":0},"t":15,"s":[{"i":[[0,0],[0,0]],"o":[[0,0],[0,0]],"v":[[-2.991,70.112],[-112.804,63.69]],"c":false}]},{"i":{"x":0.667,"y":1},"o":{"x":0.167,"y":0.167},"t":28,"s":[{"i":[[0,0],[0,0]],"o":[[0,0],[0,0]],"v":[[42.481,123.037],[-67.437,127.274]],"c":false}]},{"i":{"x":0.667,"y":1},"o":{"x":0.333,"y":0},"t":48,"s":[{"i":[[0,0],[0,0]],"o":[[0,0],[0,0]],"v":[[10.142,117.824],[-99.776,122.062]],"c":false}]},{"t":73,"s":[{"i":[[0,0],[0,0]],"o":[[0,0],[0,0]],"v":[[31.967,96.209],[-78.033,96.209]],"c":false}]}],"ix":2},"nm":"Path 1","mn":"ADBE Vector Shape - Group","hd":false},{"ind":1,"ty":"sh","ix":2,"ks":{"a":1,"k":[{"i":{"x":0.25,"y":1},"o":{"x":0.333,"y":0},"t":0,"s":[{"i":[[0,0],[0,0]],"o":[[0,0],[0,0]],"v":[[25,55],[-85,55]],"c":false}]},{"i":{"x":0.833,"y":0.833},"o":{"x":0.75,"y":0},"t":15,"s":[{"i":[[0,0],[0,0]],"o":[[0,0],[0,0]],"v":[[15.478,35.172],[-94.461,31.519]],"c":false}]},{"i":{"x":0.667,"y":1},"o":{"x":0.167,"y":0.167},"t":28,"s":[{"i":[[0,0],[0,0]],"o":[[0,0],[0,0]],"v":[[34.5,77.095],[-75.5,76.793]],"c":false}]},{"i":{"x":0.667,"y":1},"o":{"x":0.333,"y":0},"t":48,"s":[{"i":[[0,0],[0,0]],"o":[[0,0],[0,0]],"v":[[2.161,71.882],[-107.839,71.581]],"c":false}]},{"t":73,"s":[{"i":[[0,0],[0,0]],"o":[[0,0],[0,0]],"v":[[45.809,55.021],[-64.191,55.021]],"c":false}]}],"ix":2},"nm":"Path 2","mn":"ADBE Vector Shape - Group","hd":false},{"ind":2,"ty":"sh","ix":3,"ks":{"a":1,"k":[{"i":{"x":0.25,"y":1},"o":{"x":0.333,"y":0},"t":0,"s":[{"i":[[0,0],[0,0]],"o":[[0,0],[0,0]],"v":[[25,15],[-85,15]],"c":false}]},{"i":{"x":0.833,"y":0.833},"o":{"x":0.75,"y":0},"t":15,"s":[{"i":[[0,0],[0,0]],"o":[[0,0],[0,0]],"v":[[22.96,-0.213],[-85.529,-3.674]],"c":false}]},{"i":{"x":0.667,"y":1},"o":{"x":0.167,"y":0.167},"t":28,"s":[{"i":[[0,0],[0,0]],"o":[[0,0],[0,0]],"v":[[29,32.053],[-81,32.053]],"c":false}]},{"i":{"x":0.667,"y":1},"o":{"x":0.333,"y":0},"t":48,"s":[{"i":[[0,0],[0,0]],"o":[[0,0],[0,0]],"v":[[-3.339,26.84],[-113.339,26.84]],"c":false}]},{"t":73,"s":[{"i":[[0,0],[0,0]],"o":[[0,0],[0,0]],"v":[[40.811,14.872],[-69.189,14.872]],"c":false}]}],"ix":2},"nm":"Path 3","mn":"ADBE Vector Shape - Group","hd":false},{"ind":3,"ty":"sh","ix":4,"ks":{"a":1,"k":[{"i":{"x":0.25,"y":1},"o":{"x":0.333,"y":0},"t":0,"s":[{"i":[[0,0],[0,0]],"o":[[0,0],[0,0]],"v":[[-4,-95],[-85,-95]],"c":false}]},{"i":{"x":0.833,"y":0.833},"o":{"x":0.75,"y":0},"t":15,"s":[{"i":[[0,0],[0,0]],"o":[[0,0],[0,0]],"v":[[-3,-98.822],[-85,-99.822]],"c":false}]},{"i":{"x":0.667,"y":1},"o":{"x":0.167,"y":0.167},"t":28,"s":[{"i":[[0,0],[0,0]],"o":[[0,0],[0,0]],"v":[[-4,-90],[-85,-90]],"c":false}]},{"i":{"x":0.667,"y":1},"o":{"x":0.333,"y":0},"t":48,"s":[{"i":[[0,0],[0,0]],"o":[[0,0],[0,0]],"v":[[-36.339,-95.213],[-117.339,-95.213]],"c":false}]},{"t":73,"s":[{"i":[[0,0],[0,0]],"o":[[0,0],[0,0]],"v":[[2.967,-93.791],[-85,-95]],"c":false}]}],"ix":2},"nm":"Path 4","mn":"ADBE Vector Shape - Group","hd":false},{"ind":4,"ty":"sh","ix":5,"ks":{"a":1,"k":[{"i":{"x":0.25,"y":1},"o":{"x":0.333,"y":0},"t":0,"s":[{"i":[[0,0],[0,0]],"o":[[0,0],[0,0]],"v":[[25,-25],[-85,-25]],"c":false}]},{"i":{"x":0.833,"y":0.833},"o":{"x":0.75,"y":0},"t":15,"s":[{"i":[[0,0],[0,0]],"o":[[0,0],[0,0]],"v":[[24.997,-36.769],[-84.989,-38.524]],"c":false}]},{"i":{"x":0.667,"y":1},"o":{"x":0.167,"y":0.167},"t":28,"s":[{"i":[[0,0],[0,0]],"o":[[0,0],[0,0]],"v":[[25,-15.421],[-85,-15.421]],"c":false}]},{"i":{"x":0.667,"y":1},"o":{"x":0.333,"y":0},"t":48,"s":[{"i":[[0,0],[0,0]],"o":[[0,0],[0,0]],"v":[[-7.339,-20.634],[-117.339,-20.634]],"c":false}]},{"t":73,"s":[{"i":[[0,0],[0,0]],"o":[[0,0],[0,0]],"v":[[35.813,-25.277],[-74.187,-25.277]],"c":false}]}],"ix":2},"nm":"Path 5","mn":"ADBE Vector Shape - Group","hd":false},{"ind":5,"ty":"sh","ix":6,"ks":{"a":1,"k":[{"i":{"x":0.25,"y":1},"o":{"x":0.333,"y":0},"t":0,"s":[{"i":[[0,0],[0,0]],"o":[[0,0],[0,0]],"v":[[85,95],[60,95]],"c":false}]},{"i":{"x":0.833,"y":0.833},"o":{"x":0.75,"y":0},"t":15,"s":[{"i":[[0,0],[0,0]],"o":[[0,0],[0,0]],"v":[[56.906,73.615],[31.949,72.156]],"c":false}]},{"i":{"x":0.667,"y":1},"o":{"x":0.167,"y":0.167},"t":28,"s":[{"i":[[0,0],[0,0]],"o":[[0,0],[0,0]],"v":[[102.437,120.726],[77.455,121.689]],"c":false}]},{"i":{"x":0.667,"y":1},"o":{"x":0.333,"y":0},"t":48,"s":[{"i":[[0,0],[0,0]],"o":[[0,0],[0,0]],"v":[[70.098,115.513],[45.116,116.476]],"c":false}]},{"t":73,"s":[{"i":[[0,0],[0,0]],"o":[[0,0],[0,0]],"v":[[91.967,96.209],[66.967,96.209]],"c":false}]}],"ix":2},"nm":"Path 6","mn":"ADBE Vector Shape - Group","hd":false},{"ind":6,"ty":"sh","ix":7,"ks":{"a":1,"k":[{"i":{"x":0.25,"y":1},"o":{"x":0.333,"y":0},"t":0,"s":[{"i":[[0,0],[0,0]],"o":[[0,0],[0,0]],"v":[[85,55],[60,55]],"c":false}]},{"i":{"x":0.833,"y":0.833},"o":{"x":0.75,"y":0},"t":15,"s":[{"i":[[0,0],[0,0]],"o":[[0,0],[0,0]],"v":[[75.445,37.165],[50.459,36.335]],"c":false}]},{"i":{"x":0.667,"y":1},"o":{"x":0.167,"y":0.167},"t":28,"s":[{"i":[[0,0],[0,0]],"o":[[0,0],[0,0]],"v":[[94.5,77.259],[69.5,77.191]],"c":false}]},{"i":{"x":0.667,"y":1},"o":{"x":0.333,"y":0},"t":48,"s":[{"i":[[0,0],[0,0]],"o":[[0,0],[0,0]],"v":[[62.16,72.047],[37.161,71.978]],"c":false}]},{"t":73,"s":[{"i":[[0,0],[0,0]],"o":[[0,0],[0,0]],"v":[[105.809,55.021],[80.809,55.021]],"c":false}]}],"ix":2},"nm":"Path 7","mn":"ADBE Vector Shape - Group","hd":false},{"ind":7,"ty":"sh","ix":8,"ks":{"a":1,"k":[{"i":{"x":0.25,"y":1},"o":{"x":0.333,"y":0},"t":0,"s":[{"i":[[0,0],[0,0]],"o":[[0,0],[0,0]],"v":[[85,15],[60,15]],"c":false}]},{"i":{"x":0.833,"y":0.833},"o":{"x":0.75,"y":0},"t":15,"s":[{"i":[[0,0],[0,0]],"o":[[0,0],[0,0]],"v":[[81.954,0.641],[56.956,0.285]],"c":false}]},{"i":{"x":0.667,"y":1},"o":{"x":0.167,"y":0.167},"t":28,"s":[{"i":[[0,0],[0,0]],"o":[[0,0],[0,0]],"v":[[89,32.053],[64,32.053]],"c":false}]},{"i":{"x":0.667,"y":1},"o":{"x":0.333,"y":0},"t":48,"s":[{"i":[[0,0],[0,0]],"o":[[0,0],[0,0]],"v":[[56.661,26.84],[31.661,26.84]],"c":false}]},{"t":73,"s":[{"i":[[0,0],[0,0]],"o":[[0,0],[0,0]],"v":[[100.811,14.872],[75.811,14.872]],"c":false}]}],"ix":2},"nm":"Path 8","mn":"ADBE Vector Shape - Group","hd":false},{"ind":8,"ty":"sh","ix":9,"ks":{"a":1,"k":[{"i":{"x":0.25,"y":1},"o":{"x":0.333,"y":0},"t":0,"s":[{"i":[[0,0],[0,0]],"o":[[0,0],[0,0]],"v":[[85,-25],[60,-25]],"c":false}]},{"i":{"x":0.833,"y":0.833},"o":{"x":0.75,"y":0},"t":15,"s":[{"i":[[0,0],[0,0]],"o":[[0,0],[0,0]],"v":[[84.989,-35.813],[59.992,-36.211]],"c":false}]},{"i":{"x":0.667,"y":1},"o":{"x":0.167,"y":0.167},"t":28,"s":[{"i":[[0,0],[0,0]],"o":[[0,0],[0,0]],"v":[[85,-15.421],[60,-15.421]],"c":false}]},{"i":{"x":0.667,"y":1},"o":{"x":0.333,"y":0},"t":48,"s":[{"i":[[0,0],[0,0]],"o":[[0,0],[0,0]],"v":[[52.661,-20.634],[27.661,-20.634]],"c":false}]},{"t":73,"s":[{"i":[[0,0],[0,0]],"o":[[0,0],[0,0]],"v":[[95.813,-25.277],[70.813,-25.277]],"c":false}]}],"ix":2},"nm":"Path 9","mn":"ADBE Vector Shape - Group","hd":false},{"ty":"mm","mm":1,"nm":"Merge Paths 1","mn":"ADBE Vector Filter - Merge","hd":false},{"ty":"st","c":{"a":0,"k":[0.129,0.145,0.161,1],"ix":3,"x":"var $bm_rt;\n$bm_rt = comp('wired-outline-2451-invoice-receipt-general').layer('control').effect('primary')('Color');"},"o":{"a":0,"k":100,"ix":4},"w":{"a":0,"k":12,"ix":5,"x":"var $bm_rt;\n$bm_rt = $bm_mul($bm_div(value, 2), comp('wired-outline-2451-invoice-receipt-general').layer('control').effect('stroke')('Menu'));"},"lc":2,"lj":1,"ml":4,"bm":0,"nm":".primary","mn":"ADBE Vector Graphic - Stroke","hd":false,"cl":"primary"},{"ty":"tr","p":{"a":0,"k":[0,0],"ix":2},"a":{"a":0,"k":[0,0],"ix":1},"s":{"a":0,"k":[100,100],"ix":3},"r":{"a":0,"k":0,"ix":6},"o":{"a":0,"k":100,"ix":7},"sk":{"a":0,"k":0,"ix":4},"sa":{"a":0,"k":0,"ix":5},"nm":"Transform"}],"nm":"Vector","np":11,"cix":2,"bm":0,"ix":1,"mn":"ADBE Vector Group","hd":false}],"ip":0,"op":93,"st":0,"bm":0}]}],"layers":[{"ddd":0,"ind":1,"ty":3,"nm":"control","sr":1,"ks":{"o":{"a":0,"k":0,"ix":11},"r":{"a":0,"k":0,"ix":10},"p":{"a":0,"k":[0,0],"ix":2,"l":2},"a":{"a":0,"k":[0,0,0],"ix":1,"l":2},"s":{"a":0,"k":[100,100,100],"ix":6,"l":2}},"ao":0,"ef":[{"ty":5,"nm":"stroke","np":3,"mn":"Pseudo/@@HPJtULM7T0qgBPxmbbKRCQ","ix":1,"en":1,"ef":[{"ty":7,"nm":"Menu","mn":"Pseudo/@@HPJtULM7T0qgBPxmbbKRCQ-0001","ix":1,"v":{"a":0,"k":2,"ix":1}}]},{"ty":5,"nm":"primary","np":3,"mn":"ADBE Color Control","ix":2,"en":1,"ef":[{"ty":2,"nm":"Color","mn":"ADBE Color Control-0001","ix":1,"v":{"a":0,"k":[0.129,0.145,0.161],"ix":1}}]},{"ty":5,"nm":"secondary","np":3,"mn":"ADBE Color Control","ix":3,"en":1,"ef":[{"ty":2,"nm":"Color","mn":"ADBE Color Control-0001","ix":1,"v":{"a":0,"k":[0.129,0.145,0.161],"ix":1}}]}],"ip":0,"op":311,"st":0,"bm":0},{"ddd":0,"ind":3,"ty":0,"nm":"hover-pinch","refId":"comp_1","sr":1,"ks":{"o":{"a":0,"k":100,"ix":11},"r":{"a":0,"k":0,"ix":10},"p":{"a":0,"k":[215,215,0],"ix":2,"l":2},"a":{"a":0,"k":[215,215,0],"ix":1,"l":2},"s":{"a":0,"k":[100,100,100],"ix":6,"l":2}},"ao":0,"w":430,"h":430,"ip":0,"op":190,"st":0,"bm":0}],"markers":[{"tm":0,"cm":"default:hover-pinch","dr":180}]}