{"v":"5.12.1","fr":60,"ip":0,"op":90,"w":430,"h":430,"nm":"wired-outline-2510-money-safety","ddd":0,"assets":[{"id":"comp_1","nm":"banknote-in","fr":60,"layers":[{"ddd":0,"ind":1,"ty":4,"nm":"Banktone-1","sr":1,"ks":{"o":{"a":0,"k":100,"ix":11},"r":{"a":0,"k":0,"ix":10},"p":{"a":0,"k":[197.5,195,0],"ix":2,"l":2},"a":{"a":0,"k":[0,0,0],"ix":1,"l":2},"s":{"a":0,"k":[100,100,100],"ix":6,"l":2}},"ao":0,"shapes":[{"ty":"gr","it":[{"ind":0,"ty":"sh","ix":1,"ks":{"a":0,"k":{"i":[[0,0],[0,0]],"o":[[0,0],[0,0]],"v":[[-70,0],[-70,0]],"c":false},"ix":2},"nm":"Path 1","mn":"ADBE Vector Shape - Group","hd":false},{"ind":1,"ty":"sh","ix":2,"ks":{"a":0,"k":{"i":[[0,0],[0,0]],"o":[[0,0],[0,0]],"v":[[70.25,0],[70.25,0]],"c":false},"ix":2},"nm":"Path 2","mn":"ADBE Vector Shape - Group","hd":false},{"ty":"st","c":{"a":0,"k":[0.129,0.145,0.161,1],"ix":3,"x":"var $bm_rt;\n$bm_rt = comp('wired-outline-2510-money-safety').layer('control').effect('secondary')('Color');"},"o":{"a":0,"k":100,"ix":4},"w":{"a":1,"k":[{"i":{"x":[0],"y":[1]},"o":{"x":[0.167],"y":[0.167]},"t":25,"s":[0]},{"t":50,"s":[15]}],"ix":5,"x":"var $bm_rt;\n$bm_rt = $bm_mul($bm_div(value, 2), comp('wired-outline-2510-money-safety').layer('control').effect('stroke')('Menu'));"},"lc":2,"lj":2,"bm":0,"nm":".secondary","mn":"ADBE Vector Graphic - Stroke","hd":false,"cl":"secondary"},{"ty":"tr","p":{"a":0,"k":[0,0],"ix":2},"a":{"a":0,"k":[0,0],"ix":1},"s":{"a":0,"k":[100,100],"ix":3},"r":{"a":0,"k":0,"ix":6},"o":{"a":0,"k":100,"ix":7},"sk":{"a":0,"k":0,"ix":4},"sa":{"a":0,"k":0,"ix":5},"nm":"Transform"}],"nm":"banknote frame 2","np":3,"cix":2,"bm":0,"ix":1,"mn":"ADBE Vector Group","hd":false},{"ty":"gr","it":[{"ind":0,"ty":"sh","ix":1,"ks":{"a":1,"k":[{"i":{"x":0.833,"y":0.833},"o":{"x":0.167,"y":0.167},"t":12,"s":[{"i":[[0,0],[0,0],[0,0],[0,0]],"o":[[0,0],[0,0],[0,0],[0,0]],"v":[[23.675,-26],[-28.425,-26],[-28.425,26],[23.675,26]],"c":true}]},{"i":{"x":0.833,"y":0.833},"o":{"x":0.167,"y":0.167},"t":16,"s":[{"i":[[0,0],[0,0],[0,0],[0,0]],"o":[[0,0],[0,0],[0,0],[0,0]],"v":[[62.75,-65],[-67.5,-65],[-67.5,65],[62.75,65]],"c":true}]},{"i":{"x":0.833,"y":0.833},"o":{"x":0.167,"y":0.167},"t":23,"s":[{"i":[[0,0],[0,0],[0,0],[0,0]],"o":[[0,0],[0,0],[0,0],[0,0]],"v":[[141.906,-65],[-142.5,-65],[-142.5,65],[141.906,65]],"c":true}]},{"i":{"x":0.833,"y":0.833},"o":{"x":0.167,"y":0.167},"t":24,"s":[{"i":[[0,0],[0,0],[0,0],[0,0]],"o":[[0,0],[0,0],[0,0],[0,0]],"v":[[147.5,-65],[-147.5,-65],[-147.5,65],[147.5,65]],"c":true}]},{"i":{"x":0,"y":1},"o":{"x":0.167,"y":0.167},"t":25,"s":[{"i":[[0,0],[0,0],[0,0],[0,0]],"o":[[0,0],[0,0],[0,0],[0,0]],"v":[[148.835,-68.201],[-148.835,-68.201],[-148.835,68.201],[148.835,68.201]],"c":true}]},{"t":50,"s":[{"i":[[0,0],[0,0],[0,0],[0,0]],"o":[[0,0],[0,0],[0,0],[0,0]],"v":[[162.5,-115],[-162.5,-115],[-162.5,115],[162.5,115]],"c":true}]}],"ix":2},"nm":"Path 1","mn":"ADBE Vector Shape - Group","hd":false},{"ty":"st","c":{"a":0,"k":[0.129,0.145,0.161,1],"ix":3,"x":"var $bm_rt;\n$bm_rt = comp('wired-outline-2510-money-safety').layer('control').effect('primary')('Color');"},"o":{"a":0,"k":100,"ix":4},"w":{"a":0,"k":12,"ix":5,"x":"var $bm_rt;\n$bm_rt = $bm_mul($bm_div(value, 2), comp('wired-outline-2510-money-safety').layer('control').effect('stroke')('Menu'));"},"lc":2,"lj":2,"bm":0,"nm":".primary","mn":"ADBE Vector Graphic - Stroke","hd":false,"cl":"primary"},{"ty":"tr","p":{"a":0,"k":[0,0],"ix":2},"a":{"a":0,"k":[0,0],"ix":1},"s":{"a":0,"k":[100,100],"ix":3},"r":{"a":0,"k":0,"ix":6},"o":{"a":0,"k":100,"ix":7},"sk":{"a":0,"k":0,"ix":4},"sa":{"a":0,"k":0,"ix":5},"nm":"Transform"}],"nm":"body","np":2,"cix":2,"bm":0,"ix":2,"mn":"ADBE Vector Group","hd":false},{"ty":"gr","it":[{"ind":0,"ty":"sh","ix":1,"ks":{"a":1,"k":[{"i":{"x":0.833,"y":0.833},"o":{"x":0.167,"y":0.167},"t":12,"s":[{"i":[[0,0],[0,0],[0,0],[0,0],[0,0],[0,0],[0,0],[0,0]],"o":[[0,0],[0,0],[0,0],[0,0],[0,0],[0,0],[0,0],[0,0]],"v":[[-2.375,0],[-2.375,0],[-2.375,0],[-2.375,0],[-2.375,0],[-2.375,0],[-2.375,0],[-2.375,0]],"c":true}]},{"i":{"x":0.833,"y":0.833},"o":{"x":0.167,"y":0.167},"t":16,"s":[{"i":[[0,0],[0,16.569],[0,0],[-16.569,0],[0,0],[0,-16.569],[0,0],[16.569,0]],"o":[[16.569,0],[0,0],[0,16.569],[0,0],[-16.569,0],[0,0],[0,-16.569],[0,0]],"v":[[-32.5,0],[-2.5,-30],[-2.25,-30],[27.75,0],[27.75,0],[-2.25,30],[-2.5,30],[-32.5,0]],"c":true}]},{"i":{"x":0.833,"y":0.833},"o":{"x":0.167,"y":0.167},"t":23,"s":[{"i":[[0,0],[0,16.569],[0,0],[-16.569,0],[0,0],[0,-16.569],[0,0],[16.569,0]],"o":[[16.569,0],[0,0],[0,16.569],[0,0],[-16.569,0],[0,0],[0,-16.569],[0,0]],"v":[[-107.5,0],[-77.5,-30],[76.906,-30],[106.906,0],[106.906,0],[76.906,30],[-77.5,30],[-107.5,0]],"c":true}]},{"i":{"x":0.833,"y":0.833},"o":{"x":0.167,"y":0.167},"t":24,"s":[{"i":[[0,0],[0,16.569],[0,0],[-16.569,0],[0,0],[0,-16.569],[0,0],[16.569,0]],"o":[[16.569,0],[0,0],[0,16.569],[0,0],[-16.569,0],[0,0],[0,-16.569],[0,0]],"v":[[-112.5,0],[-82.5,-30],[82.5,-30],[112.5,0],[112.5,0],[82.5,30],[-82.5,30],[-112.5,0]],"c":true}]},{"i":{"x":0,"y":1},"o":{"x":0.167,"y":0.167},"t":25,"s":[{"i":[[0,0],[0,16.569],[0,0],[-16.569,0],[0,0],[0,-16.569],[0,0],[16.569,0]],"o":[[16.569,0],[0,0],[0,16.569],[0,0],[-16.569,0],[0,0],[0,-16.569],[0,0]],"v":[[-113.835,-3.201],[-83.835,-33.201],[83.835,-33.201],[113.835,-3.201],[113.835,3.201],[83.835,33.201],[-83.835,33.201],[-113.835,3.201]],"c":true}]},{"t":50,"s":[{"i":[[0,0],[0,16.569],[0,0],[-16.569,0],[0,0],[0,-16.569],[0,0],[16.569,0]],"o":[[16.569,0],[0,0],[0,16.569],[0,0],[-16.569,0],[0,0],[0,-16.569],[0,0]],"v":[[-127.5,-50],[-97.5,-80],[97.5,-80],[127.5,-50],[127.5,50],[97.5,80],[-97.5,80],[-127.5,50]],"c":true}]}],"ix":2},"nm":"Path 1","mn":"ADBE Vector Shape - Group","hd":false},{"ty":"st","c":{"a":0,"k":[0.129,0.145,0.161,1],"ix":3,"x":"var $bm_rt;\n$bm_rt = comp('wired-outline-2510-money-safety').layer('control').effect('primary')('Color');"},"o":{"a":0,"k":100,"ix":4},"w":{"a":0,"k":12,"ix":5,"x":"var $bm_rt;\n$bm_rt = $bm_mul($bm_div(value, 2), comp('wired-outline-2510-money-safety').layer('control').effect('stroke')('Menu'));"},"lc":2,"lj":2,"bm":0,"nm":".primary","mn":"ADBE Vector Graphic - Stroke","hd":false,"cl":"primary"},{"ty":"tr","p":{"a":0,"k":[0,0],"ix":2},"a":{"a":0,"k":[0,0],"ix":1},"s":{"a":0,"k":[100,100],"ix":3},"r":{"a":0,"k":0,"ix":6},"o":{"a":0,"k":100,"ix":7},"sk":{"a":0,"k":0,"ix":4},"sa":{"a":0,"k":0,"ix":5},"nm":"Transform"}],"nm":"banknote frame","np":2,"cix":2,"bm":0,"ix":3,"mn":"ADBE Vector Group","hd":false},{"ty":"gr","it":[{"d":1,"ty":"el","s":{"a":1,"k":[{"i":{"x":[0,0],"y":[1,1]},"o":{"x":[0.167,0.167],"y":[0.167,0.167]},"t":25,"s":[0,0]},{"t":50,"s":[70,70]}],"ix":2},"p":{"a":0,"k":[0,0],"ix":3},"nm":"Ellipse Path 1","mn":"ADBE Vector Shape - Ellipse","hd":false},{"ty":"st","c":{"a":0,"k":[0.129,0.145,0.161,1],"ix":3,"x":"var $bm_rt;\n$bm_rt = comp('wired-outline-2510-money-safety').layer('control').effect('secondary')('Color');"},"o":{"a":0,"k":100,"ix":4},"w":{"a":0,"k":12,"ix":5,"x":"var $bm_rt;\n$bm_rt = $bm_mul($bm_div(value, 2), comp('wired-outline-2510-money-safety').layer('control').effect('stroke')('Menu'));"},"lc":2,"lj":2,"bm":0,"nm":".secondary","mn":"ADBE Vector Graphic - Stroke","hd":false,"cl":"secondary"},{"ty":"tr","p":{"a":0,"k":[0,0],"ix":2},"a":{"a":0,"k":[0,0],"ix":1},"s":{"a":0,"k":[100,100],"ix":3},"r":{"a":0,"k":0,"ix":6},"o":{"a":1,"k":[{"t":11,"s":[0],"h":1},{"t":25,"s":[100],"h":1}],"ix":7},"sk":{"a":0,"k":0,"ix":4},"sa":{"a":0,"k":0,"ix":5},"nm":"Transform"}],"nm":"circle","np":2,"cix":2,"bm":0,"ix":4,"mn":"ADBE Vector Group","hd":false}],"ip":12,"op":1812,"st":12,"ct":1,"bm":0},{"ddd":0,"ind":2,"ty":4,"nm":"Banktnote-3","sr":1,"ks":{"o":{"a":0,"k":100,"ix":11},"r":{"a":0,"k":0,"ix":10},"p":{"a":0,"k":[237.5,235,0],"ix":2,"l":2},"a":{"a":0,"k":[0,0,0],"ix":1,"l":2},"s":{"a":0,"k":[100,100,100],"ix":6,"l":2}},"ao":0,"shapes":[{"ty":"gr","it":[{"ind":0,"ty":"sh","ix":1,"ks":{"a":0,"k":{"i":[[0,0],[0,0],[0,0],[0,0]],"o":[[0,0],[0,0],[0,0],[0,0]],"v":[[162.5,-115],[-162.5,-115],[-162.5,115],[162.5,115]],"c":true},"ix":2},"nm":"Path 1","mn":"ADBE Vector Shape - Group","hd":false},{"ty":"tm","s":{"a":1,"k":[{"i":{"x":[0.667],"y":[1]},"o":{"x":[0.167],"y":[0.167]},"t":43,"s":[29]},{"t":50,"s":[28.9]}],"ix":1},"e":{"a":1,"k":[{"i":{"x":[0.667],"y":[1]},"o":{"x":[0.167],"y":[0]},"t":43,"s":[85]},{"t":50,"s":[85]}],"ix":2},"o":{"a":0,"k":65,"ix":3},"m":1,"ix":2,"nm":"Trim Paths 1","mn":"ADBE Vector Filter - Trim","hd":false},{"ty":"st","c":{"a":0,"k":[0.129,0.145,0.161,1],"ix":3,"x":"var $bm_rt;\n$bm_rt = comp('wired-outline-2510-money-safety').layer('control').effect('primary')('Color');"},"o":{"a":0,"k":100,"ix":4},"w":{"a":0,"k":12,"ix":5,"x":"var $bm_rt;\n$bm_rt = $bm_mul($bm_div(value, 2), comp('wired-outline-2510-money-safety').layer('control').effect('stroke')('Menu'));"},"lc":2,"lj":2,"bm":0,"nm":".primary","mn":"ADBE Vector Graphic - Stroke","hd":false,"cl":"primary"},{"ty":"tr","p":{"a":0,"k":[0,0],"ix":2},"a":{"a":0,"k":[0,0],"ix":1},"s":{"a":0,"k":[100,100],"ix":3},"r":{"a":0,"k":0,"ix":6},"o":{"a":0,"k":100,"ix":7},"sk":{"a":0,"k":0,"ix":4},"sa":{"a":0,"k":0,"ix":5},"nm":"Transform"}],"nm":"body","np":3,"cix":2,"bm":0,"ix":1,"mn":"ADBE Vector Group","hd":false}],"ip":43,"op":1791,"st":-9,"ct":1,"bm":0},{"ddd":0,"ind":3,"ty":4,"nm":"mask","td":1,"sr":1,"ks":{"o":{"a":0,"k":100,"ix":11},"r":{"a":0,"k":0,"ix":10},"p":{"a":0,"k":[197.5,195,0],"ix":2,"l":2},"a":{"a":0,"k":[0,0,0],"ix":1,"l":2},"s":{"a":0,"k":[100,100,100],"ix":6,"l":2}},"ao":0,"shapes":[{"ty":"gr","it":[{"ind":0,"ty":"sh","ix":1,"ks":{"a":1,"k":[{"i":{"x":0.833,"y":0.833},"o":{"x":0.167,"y":0.167},"t":12,"s":[{"i":[[0,0],[0,0],[0,0],[0,0]],"o":[[0,0],[0,0],[0,0],[0,0]],"v":[[23.675,-26],[-28.425,-26],[-28.425,26],[23.675,26]],"c":true}]},{"i":{"x":0.833,"y":0.833},"o":{"x":0.167,"y":0.167},"t":16,"s":[{"i":[[0,0],[0,0],[0,0],[0,0]],"o":[[0,0],[0,0],[0,0],[0,0]],"v":[[62.75,-65],[-67.5,-65],[-67.5,65],[62.75,65]],"c":true}]},{"i":{"x":0.833,"y":0.833},"o":{"x":0.167,"y":0.167},"t":23,"s":[{"i":[[0,0],[0,0],[0,0],[0,0]],"o":[[0,0],[0,0],[0,0],[0,0]],"v":[[141.906,-65],[-142.5,-65],[-142.5,65],[141.906,65]],"c":true}]},{"i":{"x":0.833,"y":0.833},"o":{"x":0.167,"y":0.167},"t":24,"s":[{"i":[[0,0],[0,0],[0,0],[0,0]],"o":[[0,0],[0,0],[0,0],[0,0]],"v":[[147.5,-65],[-147.5,-65],[-147.5,65],[147.5,65]],"c":true}]},{"i":{"x":0,"y":1},"o":{"x":0.167,"y":0.167},"t":25,"s":[{"i":[[0,0],[0,0],[0,0],[0,0]],"o":[[0,0],[0,0],[0,0],[0,0]],"v":[[148.835,-68.201],[-148.835,-68.201],[-148.835,68.201],[148.835,68.201]],"c":true}]},{"t":51,"s":[{"i":[[0,0],[0,0],[0,0],[0,0]],"o":[[0,0],[0,0],[0,0],[0,0]],"v":[[162.5,-115],[-162.5,-115],[-162.5,115],[162.5,115]],"c":true}]}],"ix":2},"nm":"Path 1","mn":"ADBE Vector Shape - Group","hd":false},{"ty":"fl","c":{"a":0,"k":[1,0,0,1],"ix":4},"o":{"a":0,"k":100,"ix":5},"r":1,"bm":0,"nm":"Fill 1","mn":"ADBE Vector Graphic - Fill","hd":false},{"ty":"tr","p":{"a":0,"k":[0,0],"ix":2},"a":{"a":0,"k":[0,0],"ix":1},"s":{"a":0,"k":[100,100],"ix":3},"r":{"a":0,"k":0,"ix":6},"o":{"a":0,"k":100,"ix":7},"sk":{"a":0,"k":0,"ix":4},"sa":{"a":0,"k":0,"ix":5},"nm":"Transform"}],"nm":"body","np":2,"cix":2,"bm":0,"ix":1,"mn":"ADBE Vector Group","hd":false}],"ip":12,"op":43,"st":12,"ct":1,"bm":0},{"ddd":0,"ind":4,"ty":4,"nm":"Banktnote-2","tt":2,"tp":3,"sr":1,"ks":{"o":{"a":0,"k":100,"ix":11},"r":{"a":0,"k":0,"ix":10},"p":{"a":0,"k":[237.5,235,0],"ix":2,"l":2},"a":{"a":0,"k":[0,0,0],"ix":1,"l":2},"s":{"a":0,"k":[100,100,100],"ix":6,"l":2}},"ao":0,"shapes":[{"ty":"gr","it":[{"ind":0,"ty":"sh","ix":1,"ks":{"a":0,"k":{"i":[[0,0],[0,0]],"o":[[0,0],[0,0]],"v":[[-70,0],[-70,0]],"c":false},"ix":2},"nm":"Path 1","mn":"ADBE Vector Shape - Group","hd":false},{"ind":1,"ty":"sh","ix":2,"ks":{"a":0,"k":{"i":[[0,0],[0,0]],"o":[[0,0],[0,0]],"v":[[70.25,0],[70.25,0]],"c":false},"ix":2},"nm":"Path 2","mn":"ADBE Vector Shape - Group","hd":false},{"ty":"st","c":{"a":0,"k":[0.129,0.145,0.161,1],"ix":3,"x":"var $bm_rt;\n$bm_rt = comp('wired-outline-2510-money-safety').layer('control').effect('primary')('Color');"},"o":{"a":0,"k":100,"ix":4},"w":{"a":1,"k":[{"i":{"x":[0],"y":[1]},"o":{"x":[0.167],"y":[0.167]},"t":14,"s":[0]},{"t":40,"s":[15]}],"ix":5,"x":"var $bm_rt;\n$bm_rt = $bm_mul($bm_div(value, 2), comp('wired-outline-2510-money-safety').layer('control').effect('stroke')('Menu'));"},"lc":2,"lj":2,"bm":0,"nm":".primary","mn":"ADBE Vector Graphic - Stroke","hd":false,"cl":"primary"},{"ty":"tr","p":{"a":0,"k":[0,0],"ix":2},"a":{"a":0,"k":[0,0],"ix":1},"s":{"a":0,"k":[100,100],"ix":3},"r":{"a":0,"k":0,"ix":6},"o":{"a":0,"k":100,"ix":7},"sk":{"a":0,"k":0,"ix":4},"sa":{"a":0,"k":0,"ix":5},"nm":"Transform"}],"nm":"banknote frame 2","np":3,"cix":2,"bm":0,"ix":1,"mn":"ADBE Vector Group","hd":false},{"ty":"gr","it":[{"ind":0,"ty":"sh","ix":1,"ks":{"a":1,"k":[{"i":{"x":0.833,"y":0.833},"o":{"x":0.167,"y":0.167},"t":1,"s":[{"i":[[0,0],[0,0],[0,0],[0,0]],"o":[[0,0],[0,0],[0,0],[0,0]],"v":[[23.675,-26],[-28.425,-26],[-28.425,26],[23.675,26]],"c":true}]},{"i":{"x":0.833,"y":0.833},"o":{"x":0.167,"y":0.167},"t":5,"s":[{"i":[[0,0],[0,0],[0,0],[0,0]],"o":[[0,0],[0,0],[0,0],[0,0]],"v":[[62.75,-65],[-67.5,-65],[-67.5,65],[62.75,65]],"c":true}]},{"i":{"x":0.833,"y":0.833},"o":{"x":0.167,"y":0.167},"t":12,"s":[{"i":[[0,0],[0,0],[0,0],[0,0]],"o":[[0,0],[0,0],[0,0],[0,0]],"v":[[141.906,-65],[-142.5,-65],[-142.5,65],[141.906,65]],"c":true}]},{"i":{"x":0.833,"y":0.833},"o":{"x":0.167,"y":0.167},"t":13,"s":[{"i":[[0,0],[0,0],[0,0],[0,0]],"o":[[0,0],[0,0],[0,0],[0,0]],"v":[[147.5,-65],[-147.5,-65],[-147.5,65],[147.5,65]],"c":true}]},{"i":{"x":0,"y":1},"o":{"x":0.167,"y":0.167},"t":14,"s":[{"i":[[0,0],[0,0],[0,0],[0,0]],"o":[[0,0],[0,0],[0,0],[0,0]],"v":[[148.835,-68.201],[-148.835,-68.201],[-148.835,68.201],[148.835,68.201]],"c":true}]},{"t":40,"s":[{"i":[[0,0],[0,0],[0,0],[0,0]],"o":[[0,0],[0,0],[0,0],[0,0]],"v":[[162.5,-115],[-162.5,-115],[-162.5,115],[162.5,115]],"c":true}]}],"ix":2},"nm":"Path 1","mn":"ADBE Vector Shape - Group","hd":false},{"ty":"st","c":{"a":0,"k":[0.129,0.145,0.161,1],"ix":3,"x":"var $bm_rt;\n$bm_rt = comp('wired-outline-2510-money-safety').layer('control').effect('primary')('Color');"},"o":{"a":0,"k":100,"ix":4},"w":{"a":0,"k":12,"ix":5,"x":"var $bm_rt;\n$bm_rt = $bm_mul($bm_div(value, 2), comp('wired-outline-2510-money-safety').layer('control').effect('stroke')('Menu'));"},"lc":2,"lj":2,"bm":0,"nm":".primary","mn":"ADBE Vector Graphic - Stroke","hd":false,"cl":"primary"},{"ty":"tr","p":{"a":0,"k":[0,0],"ix":2},"a":{"a":0,"k":[0,0],"ix":1},"s":{"a":0,"k":[100,100],"ix":3},"r":{"a":0,"k":0,"ix":6},"o":{"a":0,"k":100,"ix":7},"sk":{"a":0,"k":0,"ix":4},"sa":{"a":0,"k":0,"ix":5},"nm":"Transform"}],"nm":"body","np":2,"cix":2,"bm":0,"ix":2,"mn":"ADBE Vector Group","hd":false},{"ty":"gr","it":[{"ind":0,"ty":"sh","ix":1,"ks":{"a":1,"k":[{"i":{"x":0.833,"y":0.833},"o":{"x":0.167,"y":0.167},"t":1,"s":[{"i":[[0,0],[0,0],[0,0],[0,0],[0,0],[0,0],[0,0],[0,0]],"o":[[0,0],[0,0],[0,0],[0,0],[0,0],[0,0],[0,0],[0,0]],"v":[[-2.375,0],[-2.375,0],[-2.375,0],[-2.375,0],[-2.375,0],[-2.375,0],[-2.375,0],[-2.375,0]],"c":true}]},{"i":{"x":0.833,"y":0.833},"o":{"x":0.167,"y":0.167},"t":5,"s":[{"i":[[0,0],[0,16.569],[0,0],[-16.569,0],[0,0],[0,-16.569],[0,0],[16.569,0]],"o":[[16.569,0],[0,0],[0,16.569],[0,0],[-16.569,0],[0,0],[0,-16.569],[0,0]],"v":[[-32.5,0],[-2.5,-30],[-2.25,-30],[27.75,0],[27.75,0],[-2.25,30],[-2.5,30],[-32.5,0]],"c":true}]},{"i":{"x":0.833,"y":0.833},"o":{"x":0.167,"y":0.167},"t":12,"s":[{"i":[[0,0],[0,16.569],[0,0],[-16.569,0],[0,0],[0,-16.569],[0,0],[16.569,0]],"o":[[16.569,0],[0,0],[0,16.569],[0,0],[-16.569,0],[0,0],[0,-16.569],[0,0]],"v":[[-107.5,0],[-77.5,-30],[76.906,-30],[106.906,0],[106.906,0],[76.906,30],[-77.5,30],[-107.5,0]],"c":true}]},{"i":{"x":0.833,"y":0.833},"o":{"x":0.167,"y":0.167},"t":13,"s":[{"i":[[0,0],[0,16.569],[0,0],[-16.569,0],[0,0],[0,-16.569],[0,0],[16.569,0]],"o":[[16.569,0],[0,0],[0,16.569],[0,0],[-16.569,0],[0,0],[0,-16.569],[0,0]],"v":[[-112.5,0],[-82.5,-30],[82.5,-30],[112.5,0],[112.5,0],[82.5,30],[-82.5,30],[-112.5,0]],"c":true}]},{"i":{"x":0,"y":1},"o":{"x":0.167,"y":0.167},"t":14,"s":[{"i":[[0,0],[0,16.569],[0,0],[-16.569,0],[0,0],[0,-16.569],[0,0],[16.569,0]],"o":[[16.569,0],[0,0],[0,16.569],[0,0],[-16.569,0],[0,0],[0,-16.569],[0,0]],"v":[[-113.835,-3.201],[-83.835,-33.201],[83.835,-33.201],[113.835,-3.201],[113.835,3.201],[83.835,33.201],[-83.835,33.201],[-113.835,3.201]],"c":true}]},{"t":40,"s":[{"i":[[0,0],[0,16.569],[0,0],[-16.569,0],[0,0],[0,-16.569],[0,0],[16.569,0]],"o":[[16.569,0],[0,0],[0,16.569],[0,0],[-16.569,0],[0,0],[0,-16.569],[0,0]],"v":[[-115,-45],[-85,-75],[85,-75],[115,-45],[115,45],[85,75],[-85,75],[-115,45]],"c":true}]}],"ix":2},"nm":"Path 1","mn":"ADBE Vector Shape - Group","hd":false},{"ty":"st","c":{"a":0,"k":[0.129,0.145,0.161,1],"ix":3,"x":"var $bm_rt;\n$bm_rt = comp('wired-outline-2510-money-safety').layer('control').effect('primary')('Color');"},"o":{"a":0,"k":100,"ix":4},"w":{"a":0,"k":12,"ix":5,"x":"var $bm_rt;\n$bm_rt = $bm_mul($bm_div(value, 2), comp('wired-outline-2510-money-safety').layer('control').effect('stroke')('Menu'));"},"lc":2,"lj":2,"bm":0,"nm":".primary","mn":"ADBE Vector Graphic - Stroke","hd":false,"cl":"primary"},{"ty":"tr","p":{"a":0,"k":[0,0],"ix":2},"a":{"a":0,"k":[0,0],"ix":1},"s":{"a":0,"k":[100,100],"ix":3},"r":{"a":0,"k":0,"ix":6},"o":{"a":0,"k":100,"ix":7},"sk":{"a":0,"k":0,"ix":4},"sa":{"a":0,"k":0,"ix":5},"nm":"Transform"}],"nm":"banknote frame","np":2,"cix":2,"bm":0,"ix":3,"mn":"ADBE Vector Group","hd":false},{"ty":"gr","it":[{"d":1,"ty":"el","s":{"a":1,"k":[{"i":{"x":[0,0],"y":[1,1]},"o":{"x":[0.167,0.167],"y":[0.167,0.167]},"t":14,"s":[0,0]},{"t":40,"s":[70,70]}],"ix":2},"p":{"a":0,"k":[0,0],"ix":3},"nm":"Ellipse Path 1","mn":"ADBE Vector Shape - Ellipse","hd":false},{"ty":"st","c":{"a":0,"k":[0.129,0.145,0.161,1],"ix":3,"x":"var $bm_rt;\n$bm_rt = comp('wired-outline-2510-money-safety').layer('control').effect('primary')('Color');"},"o":{"a":0,"k":100,"ix":4},"w":{"a":0,"k":12,"ix":5,"x":"var $bm_rt;\n$bm_rt = $bm_mul($bm_div(value, 2), comp('wired-outline-2510-money-safety').layer('control').effect('stroke')('Menu'));"},"lc":2,"lj":2,"bm":0,"nm":".primary","mn":"ADBE Vector Graphic - Stroke","hd":false,"cl":"primary"},{"ty":"tr","p":{"a":0,"k":[0,0],"ix":2},"a":{"a":0,"k":[0,0],"ix":1},"s":{"a":0,"k":[100,100],"ix":3},"r":{"a":0,"k":0,"ix":6},"o":{"a":1,"k":[{"t":0,"s":[0],"h":1},{"t":14,"s":[100],"h":1}],"ix":7},"sk":{"a":0,"k":0,"ix":4},"sa":{"a":0,"k":0,"ix":5},"nm":"Transform"}],"nm":"circle","np":2,"cix":2,"bm":0,"ix":4,"mn":"ADBE Vector Group","hd":false}],"ip":1,"op":43,"st":1,"ct":1,"bm":0}]},{"id":"comp_2","nm":"hover-pinch","fr":60,"layers":[{"ddd":0,"ind":1,"ty":4,"nm":"Vector","parent":2,"sr":1,"ks":{"o":{"a":0,"k":100,"ix":11},"r":{"a":0,"k":0,"ix":10},"p":{"a":0,"k":[2.5,0,0],"ix":2,"l":2},"a":{"a":0,"k":[0,0,0],"ix":1,"l":2},"s":{"a":0,"k":[100,100,100],"ix":6,"l":2}},"ao":0,"shapes":[{"ty":"gr","it":[{"ind":0,"ty":"sh","ix":1,"ks":{"a":1,"k":[{"t":23,"s":[{"i":[[0,0],[0,0],[0,0]],"o":[[0,0],[0,0],[0,0]],"v":[[27.5,-20],[-11.333,20],[-27.5,3.312]],"c":false}],"h":1},{"i":{"x":0.24,"y":1},"o":{"x":0.167,"y":0.167},"t":29,"s":[{"i":[[0,0],[0,0],[0,0]],"o":[[0,0],[0,0],[0,0]],"v":[[27.5,-20],[-11.333,20],[-46.656,-15.531]],"c":false}]},{"t":55,"s":[{"i":[[0,0],[0,0],[0,0]],"o":[[0,0],[0,0],[0,0]],"v":[[27.5,-20],[-11.333,20],[-27.5,3.312]],"c":false}]}],"ix":2},"nm":"Path 1","mn":"ADBE Vector Shape - Group","hd":false},{"ty":"tm","s":{"a":1,"k":[{"t":6,"s":[0],"h":1},{"i":{"x":[0.24],"y":[1]},"o":{"x":[0.167],"y":[0.167]},"t":29,"s":[100]},{"t":55,"s":[0]}],"ix":1},"e":{"a":1,"k":[{"i":{"x":[0.833],"y":[0.833]},"o":{"x":[0.333],"y":[0]},"t":6,"s":[100]},{"t":24,"s":[0],"h":1},{"t":29,"s":[100],"h":1}],"ix":2},"o":{"a":0,"k":0,"ix":3},"m":1,"ix":2,"nm":"Trim Paths 1","mn":"ADBE Vector Filter - Trim","hd":false},{"ty":"st","c":{"a":0,"k":[0.129,0.145,0.161,1],"ix":3,"x":"var $bm_rt;\n$bm_rt = comp('wired-outline-2510-money-safety').layer('control').effect('secondary')('Color');"},"o":{"a":0,"k":100,"ix":4},"w":{"a":1,"k":[{"i":{"x":[0.667],"y":[1]},"o":{"x":[0.333],"y":[0]},"t":0,"s":[12]},{"i":{"x":[0.667],"y":[1]},"o":{"x":[0.333],"y":[0]},"t":16,"s":[9.7]},{"i":{"x":[0.667],"y":[1]},"o":{"x":[0.333],"y":[0]},"t":34,"s":[13.3]},{"t":53,"s":[12]}],"ix":5,"x":"var $bm_rt;\n$bm_rt = $bm_mul($bm_div(value, 2), comp('wired-outline-2510-money-safety').layer('control').effect('stroke')('Menu'));"},"lc":2,"lj":2,"bm":0,"nm":".secondary","mn":"ADBE Vector Graphic - Stroke","hd":false,"cl":"secondary"},{"ty":"tr","p":{"a":0,"k":[0,0],"ix":2},"a":{"a":0,"k":[0,0],"ix":1},"s":{"a":0,"k":[100,100],"ix":3},"r":{"a":0,"k":0,"ix":6},"o":{"a":0,"k":100,"ix":7},"sk":{"a":0,"k":0,"ix":4},"sa":{"a":0,"k":0,"ix":5},"nm":"Transform"}],"nm":"Vector","np":3,"cix":2,"bm":0,"ix":1,"mn":"ADBE Vector Group","hd":false}],"ip":0,"op":1800,"st":0,"ct":1,"bm":0},{"ddd":0,"ind":2,"ty":4,"nm":"Vector","sr":1,"ks":{"o":{"a":0,"k":100,"ix":11},"r":{"a":1,"k":[{"i":{"x":[0.151],"y":[0.992]},"o":{"x":[0.333],"y":[0]},"t":0,"s":[0]},{"i":{"x":[0.667],"y":[1]},"o":{"x":[0.333],"y":[0]},"t":20,"s":[-15]},{"i":{"x":[0.667],"y":[1]},"o":{"x":[0.333],"y":[0]},"t":40.666,"s":[11]},{"t":60,"s":[0]}],"ix":10},"p":{"a":0,"k":[335,295,0],"ix":2,"l":2},"a":{"a":0,"k":[0,0,0],"ix":1,"l":2},"s":{"a":1,"k":[{"i":{"x":[0.151,0.151,0.667],"y":[1.004,1.004,1]},"o":{"x":[0.333,0.333,0.333],"y":[0,0,0]},"t":0,"s":[100,100,100]},{"i":{"x":[0.667,0.667,0.667],"y":[1,1,1]},"o":{"x":[0.333,0.333,0.333],"y":[0,0,0]},"t":16,"s":[124,124,100]},{"i":{"x":[0.667,0.667,0.667],"y":[1,1,1]},"o":{"x":[0.333,0.333,0.333],"y":[0,0,0]},"t":34,"s":[90,90,100]},{"t":53.333984375,"s":[100,100,100]}],"ix":6,"l":2}},"ao":0,"shapes":[{"ty":"gr","it":[{"ind":0,"ty":"sh","ix":1,"ks":{"a":0,"k":{"i":[[-20.768,-3.036],[72.002,-35.184],[0,32.236],[0,0]],"o":[[0,32.232],[-72.002,-35.184],[20.768,-3.032],[0,0]],"v":[[64.8,-50.819],[0,70],[-64.8,-50.823],[0,-70]],"c":true},"ix":2},"nm":"Path 1","mn":"ADBE Vector Shape - Group","hd":false},{"ty":"st","c":{"a":0,"k":[0.129,0.145,0.161,1],"ix":3,"x":"var $bm_rt;\n$bm_rt = comp('wired-outline-2510-money-safety').layer('control').effect('secondary')('Color');"},"o":{"a":0,"k":100,"ix":4},"w":{"a":1,"k":[{"i":{"x":[0.667],"y":[1]},"o":{"x":[0.333],"y":[0]},"t":0,"s":[12]},{"i":{"x":[0.667],"y":[1]},"o":{"x":[0.333],"y":[0]},"t":16,"s":[9.7]},{"i":{"x":[0.667],"y":[1]},"o":{"x":[0.333],"y":[0]},"t":34,"s":[13.3]},{"t":53,"s":[12]}],"ix":5,"x":"var $bm_rt;\n$bm_rt = $bm_mul($bm_div(value, 2), comp('wired-outline-2510-money-safety').layer('control').effect('stroke')('Menu'));"},"lc":2,"lj":2,"bm":0,"nm":".secondary","mn":"ADBE Vector Graphic - Stroke","hd":false,"cl":"secondary"},{"ty":"tr","p":{"a":0,"k":[0,0],"ix":2},"a":{"a":0,"k":[0,0],"ix":1},"s":{"a":0,"k":[100,100],"ix":3},"r":{"a":0,"k":0,"ix":6},"o":{"a":0,"k":100,"ix":7},"sk":{"a":0,"k":0,"ix":4},"sa":{"a":0,"k":0,"ix":5},"nm":"Transform"}],"nm":"Vector","np":2,"cix":2,"bm":0,"ix":1,"mn":"ADBE Vector Group","hd":false}],"ip":0,"op":1800,"st":0,"ct":1,"bm":0},{"ddd":0,"ind":3,"ty":4,"nm":"mask","td":1,"sr":1,"ks":{"o":{"a":0,"k":100,"ix":11},"r":{"a":1,"k":[{"i":{"x":[0.151],"y":[0.992]},"o":{"x":[0.333],"y":[0]},"t":0,"s":[0]},{"i":{"x":[0.667],"y":[1]},"o":{"x":[0.333],"y":[0]},"t":20,"s":[-15]},{"i":{"x":[0.667],"y":[1]},"o":{"x":[0.333],"y":[0]},"t":40.666,"s":[11]},{"t":60,"s":[0]}],"ix":10},"p":{"a":0,"k":[335,295,0],"ix":2,"l":2},"a":{"a":0,"k":[0,0,0],"ix":1,"l":2},"s":{"a":1,"k":[{"i":{"x":[0.151,0.151,0.667],"y":[1.004,1.004,1]},"o":{"x":[0.333,0.333,0.333],"y":[0,0,0]},"t":0,"s":[100,100,100]},{"i":{"x":[0.667,0.667,0.667],"y":[1,1,1]},"o":{"x":[0.333,0.333,0.333],"y":[0,0,0]},"t":16,"s":[124,124,100]},{"i":{"x":[0.667,0.667,0.667],"y":[1,1,1]},"o":{"x":[0.333,0.333,0.333],"y":[0,0,0]},"t":34,"s":[90,90,100]},{"t":53.333984375,"s":[100,100,100]}],"ix":6,"l":2}},"ao":0,"shapes":[{"ty":"gr","it":[{"ind":0,"ty":"sh","ix":1,"ks":{"a":0,"k":{"i":[[-20.768,-3.036],[72.002,-35.184],[0,32.236],[0,0]],"o":[[0,32.232],[-72.002,-35.184],[20.768,-3.032],[0,0]],"v":[[64.8,-50.819],[0,70],[-64.8,-50.823],[0,-70]],"c":true},"ix":2},"nm":"Path 1","mn":"ADBE Vector Shape - Group","hd":false},{"ty":"fl","c":{"a":0,"k":[1,0,0,1],"ix":4},"o":{"a":0,"k":100,"ix":5},"r":1,"bm":0,"nm":"Fill 1","mn":"ADBE Vector Graphic - Fill","hd":false},{"ty":"tr","p":{"a":0,"k":[0,0],"ix":2},"a":{"a":0,"k":[0,0],"ix":1},"s":{"a":0,"k":[100,100],"ix":3},"r":{"a":0,"k":0,"ix":6},"o":{"a":0,"k":100,"ix":7},"sk":{"a":0,"k":0,"ix":4},"sa":{"a":0,"k":0,"ix":5},"nm":"Transform"}],"nm":"Vector","np":2,"cix":2,"bm":0,"ix":1,"mn":"ADBE Vector Group","hd":false}],"ip":0,"op":1800,"st":0,"ct":1,"bm":0},{"ddd":0,"ind":4,"ty":0,"nm":"banknote-hover","tt":2,"tp":3,"refId":"comp_3","sr":1,"ks":{"o":{"a":0,"k":100,"ix":11},"r":{"a":0,"k":0,"ix":10},"p":{"a":0,"k":[215,215,0],"ix":2,"l":2},"a":{"a":0,"k":[215,215,0],"ix":1,"l":2},"s":{"a":0,"k":[100,100,100],"ix":6,"l":2}},"ao":0,"w":430,"h":430,"ip":0,"op":1800,"st":0,"bm":0}]},{"id":"comp_3","nm":"banknote-hover","fr":60,"layers":[{"ddd":0,"ind":1,"ty":4,"nm":"Banktone-1","sr":1,"ks":{"o":{"a":0,"k":100,"ix":11},"r":{"a":1,"k":[{"i":{"x":[0.117],"y":[1]},"o":{"x":[0.333],"y":[0]},"t":0,"s":[0]},{"i":{"x":[0.667],"y":[1]},"o":{"x":[0.333],"y":[0]},"t":18.572,"s":[10]},{"i":{"x":[0.667],"y":[1]},"o":{"x":[0.333],"y":[0]},"t":36.215,"s":[-5]},{"i":{"x":[0.667],"y":[1]},"o":{"x":[0.333],"y":[0]},"t":54.785,"s":[3]},{"t":73.357421875,"s":[0]}],"ix":10},"p":{"a":1,"k":[{"i":{"x":0.117,"y":1},"o":{"x":0.333,"y":0},"t":0,"s":[90.5,197,0],"to":[0,0,0],"ti":[0,0,0]},{"i":{"x":0.667,"y":1},"o":{"x":0.333,"y":0},"t":13,"s":[90.5,236,0],"to":[0,0,0],"ti":[0,0,0]},{"i":{"x":0.667,"y":1},"o":{"x":0.333,"y":0},"t":30.643,"s":[90.5,177,0],"to":[0,0,0],"ti":[0,0,0]},{"i":{"x":0.667,"y":1},"o":{"x":0.333,"y":0},"t":49.215,"s":[90.5,204,0],"to":[0,0,0],"ti":[0,0,0]},{"t":67.78515625,"s":[90.5,197,0]}],"ix":2,"l":2},"a":{"a":0,"k":[-107,2,0],"ix":1,"l":2},"s":{"a":0,"k":[100,100,100],"ix":6,"l":2}},"ao":0,"shapes":[{"ty":"gr","it":[{"ind":0,"ty":"sh","ix":1,"ks":{"a":1,"k":[{"i":{"x":0.833,"y":0.821},"o":{"x":0.333,"y":0},"t":0,"s":[{"i":[[0,0],[0,0]],"o":[[0,0],[0,0]],"v":[[-70,0],[-70,0]],"c":false}]},{"i":{"x":0.117,"y":1},"o":{"x":0.167,"y":0.179},"t":9.285,"s":[{"i":[[0,0],[0,0]],"o":[[0,0],[0,0]],"v":[[-70,0],[-70,0]],"c":false}]},{"i":{"x":0.667,"y":1},"o":{"x":0.333,"y":0},"t":23.215,"s":[{"i":[[0,0],[0,0]],"o":[[0,0],[0,0]],"v":[[-71.056,-7.218],[-71.056,-7.218]],"c":false}]},{"i":{"x":0.667,"y":1},"o":{"x":0.333,"y":0},"t":40.857,"s":[{"i":[[0,0],[0,0]],"o":[[0,0],[0,0]],"v":[[-70,0],[-70,0]],"c":false}]},{"i":{"x":0.667,"y":1},"o":{"x":0.333,"y":0},"t":59.428,"s":[{"i":[[0,0],[0,0]],"o":[[0,0],[0,0]],"v":[[-70,0],[-70,0]],"c":false}]},{"t":78,"s":[{"i":[[0,0],[0,0]],"o":[[0,0],[0,0]],"v":[[-70,0],[-70,0]],"c":false}]}],"ix":2},"nm":"Path 1","mn":"ADBE Vector Shape - Group","hd":false},{"ind":1,"ty":"sh","ix":2,"ks":{"a":1,"k":[{"i":{"x":0.833,"y":0.821},"o":{"x":0.333,"y":0},"t":0,"s":[{"i":[[0,0],[0,0]],"o":[[0,0],[0,0]],"v":[[70.25,0],[70.25,0]],"c":false}]},{"i":{"x":0.117,"y":1},"o":{"x":0.167,"y":0.179},"t":9.285,"s":[{"i":[[0,0],[0,0]],"o":[[0,0],[0,0]],"v":[[70.167,-6.705],[70.167,-6.705]],"c":false}]},{"i":{"x":0.667,"y":1},"o":{"x":0.333,"y":0},"t":23.215,"s":[{"i":[[0,0],[0,0]],"o":[[0,0],[0,0]],"v":[[67.602,13.856],[67.602,13.856]],"c":false}]},{"i":{"x":0.667,"y":1},"o":{"x":0.333,"y":0},"t":40.857,"s":[{"i":[[0,0],[0,0]],"o":[[0,0],[0,0]],"v":[[70.098,-12.193],[70.098,-12.193]],"c":false}]},{"i":{"x":0.667,"y":1},"o":{"x":0.333,"y":0},"t":59.428,"s":[{"i":[[0,0],[0,0]],"o":[[0,0],[0,0]],"v":[[70.25,0],[70.25,0]],"c":false}]},{"t":78,"s":[{"i":[[0,0],[0,0]],"o":[[0,0],[0,0]],"v":[[70.25,0],[70.25,0]],"c":false}]}],"ix":2},"nm":"Path 2","mn":"ADBE Vector Shape - Group","hd":false},{"ty":"st","c":{"a":0,"k":[0.129,0.145,0.161,1],"ix":3,"x":"var $bm_rt;\n$bm_rt = comp('wired-outline-2510-money-safety').layer('control').effect('secondary')('Color');"},"o":{"a":0,"k":100,"ix":4},"w":{"a":0,"k":15,"ix":5,"x":"var $bm_rt;\n$bm_rt = $bm_mul($bm_div(value, 2), comp('wired-outline-2510-money-safety').layer('control').effect('stroke')('Menu'));"},"lc":2,"lj":2,"bm":0,"nm":".secondary","mn":"ADBE Vector Graphic - Stroke","hd":false,"cl":"secondary"},{"ty":"tr","p":{"a":0,"k":[0,0],"ix":2},"a":{"a":0,"k":[0,0],"ix":1},"s":{"a":0,"k":[100,100],"ix":3},"r":{"a":0,"k":0,"ix":6},"o":{"a":0,"k":100,"ix":7},"sk":{"a":0,"k":0,"ix":4},"sa":{"a":0,"k":0,"ix":5},"nm":"Transform"}],"nm":"banknote frame 2","np":3,"cix":2,"bm":0,"ix":1,"mn":"ADBE Vector Group","hd":false},{"ty":"gr","it":[{"ind":0,"ty":"sh","ix":1,"ks":{"a":1,"k":[{"i":{"x":0.833,"y":0.821},"o":{"x":0.333,"y":0},"t":0,"s":[{"i":[[0,0],[54,0],[0,0],[0,0],[-56.333,0],[0,0]],"o":[[0,0],[-54.333,0],[0,0],[0,0],[52,0],[0,0]],"v":[[162.5,-115],[0.5,-115],[-162.5,-115],[-162.5,115],[6.5,115],[162.5,115]],"c":true}]},{"i":{"x":0.117,"y":1},"o":{"x":0.167,"y":0.179},"t":9.285,"s":[{"i":[[0,0],[53.717,-4.092],[0,0],[0,0],[-56.038,4.269],[0,0]],"o":[[0,0],[-54.048,4.117],[0,0],[0,0],[51.727,-3.94],[0,0]],"v":[[153.218,-128.093],[-7.932,-115.817],[-162.5,-115],[-162.5,115],[15.465,112.522],[170.647,100.701]],"c":true}]},{"i":{"x":0.667,"y":1},"o":{"x":0.333,"y":0},"t":23.215,"s":[{"i":[[0,0],[53.387,8.114],[0,0],[0,0],[-55.694,-8.465],[0,0]],"o":[[0,0],[-53.716,-8.164],[0,0],[0,0],[51.41,7.813],[0,0]],"v":[[176.084,-85.977],[15.923,-110.319],[-162.5,-115],[-162.5,115],[-12.704,117.971],[141.525,141.412]],"c":true}]},{"i":{"x":0.667,"y":1},"o":{"x":0.333,"y":0},"t":40.857,"s":[{"i":[[0,0],[53.485,-7.441],[0,0],[0,0],[-55.796,7.762],[0,0]],"o":[[0,0],[-53.815,7.487],[0,0],[0,0],[51.504,-7.165],[0,0]],"v":[[145.622,-138.808],[-14.833,-116.485],[-162.5,-115],[-162.5,115],[22.803,110.494],[177.315,88.998]],"c":true}]},{"i":{"x":0.667,"y":1},"o":{"x":0.333,"y":0},"t":59.428,"s":[{"i":[[0,0],[54,0],[0,0],[0,0],[-56.333,0],[0,0]],"o":[[0,0],[-54.333,0],[0,0],[0,0],[52,0],[0,0]],"v":[[162.5,-115],[0.5,-115],[-162.5,-115],[-162.5,115],[6.5,115],[162.5,115]],"c":true}]},{"t":78,"s":[{"i":[[0,0],[54,0],[0,0],[0,0],[-56.333,0],[0,0]],"o":[[0,0],[-54.333,0],[0,0],[0,0],[52,0],[0,0]],"v":[[162.5,-115],[0.5,-115],[-162.5,-115],[-162.5,115],[6.5,115],[162.5,115]],"c":true}]}],"ix":2},"nm":"Path 1","mn":"ADBE Vector Shape - Group","hd":false},{"ty":"st","c":{"a":0,"k":[0.129,0.145,0.161,1],"ix":3,"x":"var $bm_rt;\n$bm_rt = comp('wired-outline-2510-money-safety').layer('control').effect('primary')('Color');"},"o":{"a":0,"k":100,"ix":4},"w":{"a":0,"k":12,"ix":5,"x":"var $bm_rt;\n$bm_rt = $bm_mul($bm_div(value, 2), comp('wired-outline-2510-money-safety').layer('control').effect('stroke')('Menu'));"},"lc":2,"lj":2,"bm":0,"nm":".primary","mn":"ADBE Vector Graphic - Stroke","hd":false,"cl":"primary"},{"ty":"tr","p":{"a":0,"k":[0,0],"ix":2},"a":{"a":0,"k":[0,0],"ix":1},"s":{"a":0,"k":[100,100],"ix":3},"r":{"a":0,"k":0,"ix":6},"o":{"a":0,"k":100,"ix":7},"sk":{"a":0,"k":0,"ix":4},"sa":{"a":0,"k":0,"ix":5},"nm":"Transform"}],"nm":"body","np":2,"cix":2,"bm":0,"ix":2,"mn":"ADBE Vector Group","hd":false},{"ty":"gr","it":[{"ind":0,"ty":"sh","ix":1,"ks":{"a":1,"k":[{"i":{"x":0.833,"y":0.821},"o":{"x":0.333,"y":0},"t":0,"s":[{"i":[[0,0],[0,16.569],[-32.667,0],[0,0],[-16.569,0],[0,0],[0,-16.569],[30.333,0],[0,0],[16.569,0]],"o":[[16.569,0],[0,0],[32.333,0],[0,16.569],[0,0],[-16.569,0],[0,0],[-34.667,0],[0,-16.569],[0,0]],"v":[[-127.5,-50],[-97.5,-80],[0.5,-80],[97.5,-80],[127.5,-50],[127.5,50],[97.5,80],[6.5,80],[-97.5,80],[-127.5,50]],"c":true}]},{"i":{"x":0.117,"y":1},"o":{"x":0.167,"y":0.179},"t":9.285,"s":[{"i":[[0,0],[0,16.569],[-32.495,2.475],[0,0],[-16.482,1.256],[0,0],[-1.256,-16.482],[30.174,-2.299],[0,0],[16.569,0]],"o":[[16.569,0],[0,0],[32.164,-2.45],[1.256,16.482],[0,0],[-16.482,1.256],[0,0],[-34.485,2.627],[0,-16.569],[0,0]],"v":[[-127.5,-50],[-97.5,-80],[-5.28,-81],[91.211,-88.351],[123.327,-60.781],[130.905,38.694],[103.336,70.81],[12.813,77.706],[-97.5,80],[-127.5,50]],"c":true}]},{"i":{"x":0.667,"y":1},"o":{"x":0.333,"y":0},"t":23.215,"s":[{"i":[[0,0],[0,16.569],[-32.296,-4.908],[0,0],[-16.38,-2.49],[0,0],[2.49,-16.38],[29.989,4.558],[0,0],[16.569,0]],"o":[[16.569,0],[0,0],[31.966,4.858],[-2.49,16.38],[0,0],[-16.38,-2.49],[0,0],[-34.273,-5.209],[0,-16.569],[0,0]],"v":[[-127.5,-50],[-97.5,-80],[10.664,-75.716],[106.563,-61.141],[131.715,-26.974],[116.689,71.891],[82.522,97.042],[-7.445,83.369],[-97.5,80],[-127.5,50]],"c":true}]},{"i":{"x":0.667,"y":1},"o":{"x":0.333,"y":0},"t":40.857,"s":[{"i":[[0,0],[0,16.569],[-32.355,4.501],[0,0],[-16.41,2.283],[0,0],[-2.283,-16.41],[30.044,-4.18],[0,0],[16.569,0]],"o":[[16.569,0],[0,0],[32.025,-4.455],[2.283,16.41],[0,0],[-16.41,2.283],[0,0],[-34.336,4.777],[0,-16.569],[0,0]],"v":[[-127.5,-50],[-97.5,-80],[-10.01,-81.819],[86.065,-95.185],[119.912,-69.605],[133.692,29.441],[108.112,63.289],[17.98,75.828],[-97.5,80],[-127.5,50]],"c":true}]},{"i":{"x":0.667,"y":1},"o":{"x":0.333,"y":0},"t":59.428,"s":[{"i":[[0,0],[0,16.569],[-32.667,0],[0,0],[-16.569,0],[0,0],[0,-16.569],[30.333,0],[0,0],[16.569,0]],"o":[[16.569,0],[0,0],[32.333,0],[0,16.569],[0,0],[-16.569,0],[0,0],[-34.667,0],[0,-16.569],[0,0]],"v":[[-127.5,-50],[-97.5,-80],[0.5,-80],[97.5,-80],[127.5,-50],[127.5,50],[97.5,80],[6.5,80],[-97.5,80],[-127.5,50]],"c":true}]},{"t":78,"s":[{"i":[[0,0],[0,16.569],[-32.667,0],[0,0],[-16.569,0],[0,0],[0,-16.569],[30.333,0],[0,0],[16.569,0]],"o":[[16.569,0],[0,0],[32.333,0],[0,16.569],[0,0],[-16.569,0],[0,0],[-34.667,0],[0,-16.569],[0,0]],"v":[[-127.5,-50],[-97.5,-80],[0.5,-80],[97.5,-80],[127.5,-50],[127.5,50],[97.5,80],[6.5,80],[-97.5,80],[-127.5,50]],"c":true}]}],"ix":2},"nm":"Path 1","mn":"ADBE Vector Shape - Group","hd":false},{"ty":"st","c":{"a":0,"k":[0.129,0.145,0.161,1],"ix":3,"x":"var $bm_rt;\n$bm_rt = comp('wired-outline-2510-money-safety').layer('control').effect('primary')('Color');"},"o":{"a":0,"k":100,"ix":4},"w":{"a":0,"k":12,"ix":5,"x":"var $bm_rt;\n$bm_rt = $bm_mul($bm_div(value, 2), comp('wired-outline-2510-money-safety').layer('control').effect('stroke')('Menu'));"},"lc":2,"lj":2,"bm":0,"nm":".primary","mn":"ADBE Vector Graphic - Stroke","hd":false,"cl":"primary"},{"ty":"tr","p":{"a":0,"k":[0,0],"ix":2},"a":{"a":0,"k":[0,0],"ix":1},"s":{"a":0,"k":[100,100],"ix":3},"r":{"a":0,"k":0,"ix":6},"o":{"a":0,"k":100,"ix":7},"sk":{"a":0,"k":0,"ix":4},"sa":{"a":0,"k":0,"ix":5},"nm":"Transform"}],"nm":"banknote frame","np":2,"cix":2,"bm":0,"ix":3,"mn":"ADBE Vector Group","hd":false},{"ty":"gr","it":[{"ind":0,"ty":"sh","ix":1,"ks":{"a":1,"k":[{"i":{"x":0.833,"y":0.821},"o":{"x":0.333,"y":0},"t":0,"s":[{"i":[[-19.33,0],[0,-19.33],[19.33,0],[0,19.33]],"o":[[19.33,0],[0,19.33],[-19.33,0],[0,-19.33]],"v":[[0,-35],[35,0],[0,35],[-35,0]],"c":true}]},{"i":{"x":0.117,"y":1},"o":{"x":0.167,"y":0.179},"t":9.285,"s":[{"i":[[-19.229,1.465],[-1.465,-19.229],[19.229,-1.465],[1.465,19.229]],"o":[[19.229,-1.465],[1.465,19.229],[-19.229,1.465],[-1.465,-19.229]],"v":[[-2.367,-36.198],[35.101,-4.034],[2.937,33.434],[-34.531,1.27]],"c":true}]},{"i":{"x":0.667,"y":1},"o":{"x":0.333,"y":0},"t":23.215,"s":[{"i":[[-19.111,-2.904],[2.904,-19.11],[19.111,2.904],[-2.904,19.111]],"o":[[19.111,2.904],[-2.904,19.11],[-19.111,-2.904],[2.904,-19.111]],"v":[[3.408,-31.302],[32.752,8.559],[-7.11,37.903],[-36.453,-1.959]],"c":true}]},{"i":{"x":0.667,"y":1},"o":{"x":0.333,"y":0},"t":40.857,"s":[{"i":[[-19.146,2.664],[-2.664,-19.146],[19.146,-2.664],[2.664,19.146]],"o":[[19.146,-2.664],[2.664,19.146],[-19.146,2.664],[-2.664,-19.146]],"v":[[-4.305,-37.179],[35.184,-7.336],[5.341,32.153],[-34.148,2.31]],"c":true}]},{"i":{"x":0.667,"y":1},"o":{"x":0.333,"y":0},"t":59.428,"s":[{"i":[[-19.33,0],[0,-19.33],[19.33,0],[0,19.33]],"o":[[19.33,0],[0,19.33],[-19.33,0],[0,-19.33]],"v":[[0,-35],[35,0],[0,35],[-35,0]],"c":true}]},{"t":78,"s":[{"i":[[-19.33,0],[0,-19.33],[19.33,0],[0,19.33]],"o":[[19.33,0],[0,19.33],[-19.33,0],[0,-19.33]],"v":[[0,-35],[35,0],[0,35],[-35,0]],"c":true}]}],"ix":2},"nm":"Path 1","mn":"ADBE Vector Shape - Group","hd":false},{"ty":"st","c":{"a":0,"k":[0.129,0.145,0.161,1],"ix":3,"x":"var $bm_rt;\n$bm_rt = comp('wired-outline-2510-money-safety').layer('control').effect('secondary')('Color');"},"o":{"a":0,"k":100,"ix":4},"w":{"a":0,"k":12,"ix":5,"x":"var $bm_rt;\n$bm_rt = $bm_mul($bm_div(value, 2), comp('wired-outline-2510-money-safety').layer('control').effect('stroke')('Menu'));"},"lc":2,"lj":2,"bm":0,"nm":".secondary","mn":"ADBE Vector Graphic - Stroke","hd":false,"cl":"secondary"},{"ty":"tr","p":{"a":0,"k":[0,0],"ix":2},"a":{"a":0,"k":[0,0],"ix":1},"s":{"a":0,"k":[100,100],"ix":3},"r":{"a":0,"k":0,"ix":6},"o":{"a":0,"k":100,"ix":7},"sk":{"a":0,"k":0,"ix":4},"sa":{"a":0,"k":0,"ix":5},"nm":"Transform"}],"nm":"circle","np":2,"cix":2,"bm":0,"ix":4,"mn":"ADBE Vector Group","hd":false}],"ip":0,"op":1800,"st":0,"ct":1,"bm":0},{"ddd":0,"ind":2,"ty":4,"nm":"Banktnote-5","sr":1,"ks":{"o":{"a":0,"k":100,"ix":11},"r":{"a":1,"k":[{"i":{"x":[0.117],"y":[1]},"o":{"x":[0.333],"y":[0]},"t":0,"s":[0]},{"i":{"x":[0.667],"y":[1]},"o":{"x":[0.333],"y":[0]},"t":21.176,"s":[10]},{"i":{"x":[0.667],"y":[1]},"o":{"x":[0.333],"y":[0]},"t":47.646,"s":[-5]},{"i":{"x":[0.667],"y":[1]},"o":{"x":[0.333],"y":[0]},"t":68.824,"s":[3]},{"t":90,"s":[0]}],"ix":10},"p":{"a":1,"k":[{"i":{"x":0.117,"y":1},"o":{"x":0.333,"y":0},"t":0,"s":[130.5,237,0],"to":[0,0,0],"ti":[0,0,0]},{"i":{"x":0.667,"y":1},"o":{"x":0.333,"y":0},"t":15,"s":[130.5,256,0],"to":[0,0,0],"ti":[0,0,0]},{"i":{"x":0.667,"y":1},"o":{"x":0.333,"y":0},"t":41.295,"s":[130.5,217,0],"to":[0,0,0],"ti":[0,0,0]},{"i":{"x":0.667,"y":1},"o":{"x":0.333,"y":0},"t":62.471,"s":[130.5,244,0],"to":[0,0,0],"ti":[0,0,0]},{"t":83.646484375,"s":[130.5,237,0]}],"ix":2,"l":2},"a":{"a":0,"k":[-107,2,0],"ix":1,"l":2},"s":{"a":0,"k":[100,100,100],"ix":6,"l":2}},"ao":0,"shapes":[{"ty":"gr","it":[{"ind":0,"ty":"sh","ix":1,"ks":{"a":1,"k":[{"i":{"x":0.833,"y":0.83},"o":{"x":0.333,"y":0},"t":0,"s":[{"i":[[0,0],[54,0],[0,0],[0,0],[-56.333,0],[0,0]],"o":[[0,0],[-54.333,0],[0,0],[0,0],[52,0],[0,0]],"v":[[162.5,-115],[0.5,-115],[-162.5,-115],[-162.5,115],[6.5,115],[162.5,115]],"c":true}]},{"i":{"x":0.117,"y":1},"o":{"x":0.167,"y":0.17},"t":9.832,"s":[{"i":[[0,0],[53.717,-4.092],[0,0],[0,0],[-56.038,4.269],[0,0]],"o":[[0,0],[-54.048,4.117],[0,0],[0,0],[51.727,-3.94],[0,0]],"v":[[153.218,-128.093],[-7.932,-115.817],[-162.5,-115],[-162.5,115],[15.465,112.522],[170.647,100.701]],"c":true}]},{"i":{"x":0.667,"y":1},"o":{"x":0.333,"y":0},"t":24.58,"s":[{"i":[[0,0],[53.387,8.114],[0,0],[0,0],[-55.694,-8.465],[0,0]],"o":[[0,0],[-53.716,-8.164],[0,0],[0,0],[51.41,7.813],[0,0]],"v":[[176.084,-85.977],[15.923,-110.319],[-162.5,-115],[-162.5,115],[-12.704,117.971],[141.525,141.412]],"c":true}]},{"i":{"x":0.667,"y":1},"o":{"x":0.333,"y":0},"t":43.262,"s":[{"i":[[0,0],[53.485,-7.441],[0,0],[0,0],[-55.796,7.762],[0,0]],"o":[[0,0],[-53.815,7.487],[0,0],[0,0],[51.504,-7.165],[0,0]],"v":[[145.622,-138.808],[-14.833,-116.485],[-162.5,-115],[-162.5,115],[22.803,110.494],[177.315,88.998]],"c":true}]},{"i":{"x":0.667,"y":1},"o":{"x":0.333,"y":0},"t":62.924,"s":[{"i":[[0,0],[54,0],[0,0],[0,0],[-56.333,0],[0,0]],"o":[[0,0],[-54.333,0],[0,0],[0,0],[52,0],[0,0]],"v":[[162.5,-115],[0.5,-115],[-162.5,-115],[-162.5,115],[6.5,115],[162.5,115]],"c":true}]},{"t":82.587890625,"s":[{"i":[[0,0],[54,0],[0,0],[0,0],[-56.333,0],[0,0]],"o":[[0,0],[-54.333,0],[0,0],[0,0],[52,0],[0,0]],"v":[[162.5,-115],[0.5,-115],[-162.5,-115],[-162.5,115],[6.5,115],[162.5,115]],"c":true}]}],"ix":2},"nm":"Path 1","mn":"ADBE Vector Shape - Group","hd":false},{"ty":"tm","s":{"a":1,"k":[{"i":{"x":[0.667],"y":[1]},"o":{"x":[0.167],"y":[0.167]},"t":63,"s":[28.2]},{"t":90,"s":[29]}],"ix":1},"e":{"a":1,"k":[{"i":{"x":[0.667],"y":[1]},"o":{"x":[0.167],"y":[0.167]},"t":63,"s":[85.1]},{"t":90,"s":[85]}],"ix":2},"o":{"a":0,"k":65,"ix":3},"m":1,"ix":2,"nm":"Trim Paths 1","mn":"ADBE Vector Filter - Trim","hd":false},{"ty":"st","c":{"a":0,"k":[0.129,0.145,0.161,1],"ix":3,"x":"var $bm_rt;\n$bm_rt = comp('wired-outline-2510-money-safety').layer('control').effect('primary')('Color');"},"o":{"a":0,"k":100,"ix":4},"w":{"a":0,"k":12,"ix":5,"x":"var $bm_rt;\n$bm_rt = $bm_mul($bm_div(value, 2), comp('wired-outline-2510-money-safety').layer('control').effect('stroke')('Menu'));"},"lc":2,"lj":2,"bm":0,"nm":".primary","mn":"ADBE Vector Graphic - Stroke","hd":false,"cl":"primary"},{"ty":"tr","p":{"a":0,"k":[0,0],"ix":2},"a":{"a":0,"k":[0,0],"ix":1},"s":{"a":0,"k":[100,100],"ix":3},"r":{"a":0,"k":0,"ix":6},"o":{"a":0,"k":100,"ix":7},"sk":{"a":0,"k":0,"ix":4},"sa":{"a":0,"k":0,"ix":5},"nm":"Transform"}],"nm":"body","np":3,"cix":2,"bm":0,"ix":1,"mn":"ADBE Vector Group","hd":false}],"ip":63,"op":1748,"st":-52,"ct":1,"bm":0},{"ddd":0,"ind":3,"ty":4,"nm":"mask","td":1,"sr":1,"ks":{"o":{"a":0,"k":100,"ix":11},"r":{"a":1,"k":[{"i":{"x":[0.117],"y":[1]},"o":{"x":[0.333],"y":[0]},"t":0,"s":[0]},{"i":{"x":[0.667],"y":[1]},"o":{"x":[0.333],"y":[0]},"t":18.572,"s":[10]},{"i":{"x":[0.667],"y":[1]},"o":{"x":[0.333],"y":[0]},"t":36.215,"s":[-5]},{"i":{"x":[0.667],"y":[1]},"o":{"x":[0.333],"y":[0]},"t":54.785,"s":[3]},{"t":73.357421875,"s":[0]}],"ix":10},"p":{"a":1,"k":[{"i":{"x":0.117,"y":1},"o":{"x":0.333,"y":0},"t":0,"s":[90.5,197,0],"to":[0,0,0],"ti":[0,0,0]},{"i":{"x":0.667,"y":1},"o":{"x":0.333,"y":0},"t":13,"s":[90.5,236,0],"to":[0,0,0],"ti":[0,0,0]},{"i":{"x":0.667,"y":1},"o":{"x":0.333,"y":0},"t":30.643,"s":[90.5,177,0],"to":[0,0,0],"ti":[0,0,0]},{"i":{"x":0.667,"y":1},"o":{"x":0.333,"y":0},"t":49.215,"s":[90.5,204,0],"to":[0,0,0],"ti":[0,0,0]},{"t":67.78515625,"s":[90.5,197,0]}],"ix":2,"l":2},"a":{"a":0,"k":[-107,2,0],"ix":1,"l":2},"s":{"a":0,"k":[100,100,100],"ix":6,"l":2}},"ao":0,"shapes":[{"ty":"gr","it":[{"ind":0,"ty":"sh","ix":1,"ks":{"a":1,"k":[{"i":{"x":0.833,"y":0.821},"o":{"x":0.333,"y":0},"t":0,"s":[{"i":[[0,0],[54,0],[0,0],[0,0],[-56.333,0],[0,0]],"o":[[0,0],[-54.333,0],[0,0],[0,0],[52,0],[0,0]],"v":[[162.5,-115],[0.5,-115],[-162.5,-115],[-162.5,115],[6.5,115],[162.5,115]],"c":true}]},{"i":{"x":0.117,"y":1},"o":{"x":0.167,"y":0.179},"t":9.285,"s":[{"i":[[0,0],[53.717,-4.092],[0,0],[0,0],[-56.038,4.269],[0,0]],"o":[[0,0],[-54.048,4.117],[0,0],[0,0],[51.727,-3.94],[0,0]],"v":[[153.218,-128.093],[-7.932,-115.817],[-162.5,-115],[-162.5,115],[15.465,112.522],[170.647,100.701]],"c":true}]},{"i":{"x":0.667,"y":1},"o":{"x":0.333,"y":0},"t":23.215,"s":[{"i":[[0,0],[53.387,8.114],[0,0],[0,0],[-55.694,-8.465],[0,0]],"o":[[0,0],[-53.716,-8.164],[0,0],[0,0],[51.41,7.813],[0,0]],"v":[[176.084,-85.977],[15.923,-110.319],[-162.5,-115],[-162.5,115],[-12.704,117.971],[141.525,141.412]],"c":true}]},{"i":{"x":0.667,"y":1},"o":{"x":0.333,"y":0},"t":40.857,"s":[{"i":[[0,0],[53.485,-7.441],[0,0],[0,0],[-55.796,7.762],[0,0]],"o":[[0,0],[-53.815,7.487],[0,0],[0,0],[51.504,-7.165],[0,0]],"v":[[145.622,-138.808],[-14.833,-116.485],[-162.5,-115],[-162.5,115],[22.803,110.494],[177.315,88.998]],"c":true}]},{"i":{"x":0.667,"y":1},"o":{"x":0.333,"y":0},"t":59.428,"s":[{"i":[[0,0],[54,0],[0,0],[0,0],[-56.333,0],[0,0]],"o":[[0,0],[-54.333,0],[0,0],[0,0],[52,0],[0,0]],"v":[[162.5,-115],[0.5,-115],[-162.5,-115],[-162.5,115],[6.5,115],[162.5,115]],"c":true}]},{"t":78,"s":[{"i":[[0,0],[54,0],[0,0],[0,0],[-56.333,0],[0,0]],"o":[[0,0],[-54.333,0],[0,0],[0,0],[52,0],[0,0]],"v":[[162.5,-115],[0.5,-115],[-162.5,-115],[-162.5,115],[6.5,115],[162.5,115]],"c":true}]}],"ix":2},"nm":"Path 1","mn":"ADBE Vector Shape - Group","hd":false},{"ty":"fl","c":{"a":0,"k":[1,0,0,1],"ix":4},"o":{"a":0,"k":100,"ix":5},"r":1,"bm":0,"nm":"Fill 1","mn":"ADBE Vector Graphic - Fill","hd":false},{"ty":"tr","p":{"a":0,"k":[0,0],"ix":2},"a":{"a":0,"k":[0,0],"ix":1},"s":{"a":0,"k":[100,100],"ix":3},"r":{"a":0,"k":0,"ix":6},"o":{"a":0,"k":100,"ix":7},"sk":{"a":0,"k":0,"ix":4},"sa":{"a":0,"k":0,"ix":5},"nm":"Transform"}],"nm":"body","np":2,"cix":2,"bm":0,"ix":1,"mn":"ADBE Vector Group","hd":false}],"ip":0,"op":1800,"st":0,"ct":1,"bm":0},{"ddd":0,"ind":4,"ty":4,"nm":"Banktnote-4","tt":2,"tp":3,"sr":1,"ks":{"o":{"a":0,"k":100,"ix":11},"r":{"a":1,"k":[{"i":{"x":[0.117],"y":[1]},"o":{"x":[0.333],"y":[0]},"t":0,"s":[0]},{"i":{"x":[0.667],"y":[1]},"o":{"x":[0.333],"y":[0]},"t":21.176,"s":[10]},{"i":{"x":[0.667],"y":[1]},"o":{"x":[0.333],"y":[0]},"t":47.646,"s":[-5]},{"i":{"x":[0.667],"y":[1]},"o":{"x":[0.333],"y":[0]},"t":68.824,"s":[3]},{"t":90,"s":[0]}],"ix":10},"p":{"a":1,"k":[{"i":{"x":0.117,"y":1},"o":{"x":0.333,"y":0},"t":0,"s":[130.5,237,0],"to":[0,0,0],"ti":[0,0,0]},{"i":{"x":0.667,"y":1},"o":{"x":0.333,"y":0},"t":15,"s":[130.5,256,0],"to":[0,0,0],"ti":[0,0,0]},{"i":{"x":0.667,"y":1},"o":{"x":0.333,"y":0},"t":41.295,"s":[130.5,217,0],"to":[0,0,0],"ti":[0,0,0]},{"i":{"x":0.667,"y":1},"o":{"x":0.333,"y":0},"t":62.471,"s":[130.5,244,0],"to":[0,0,0],"ti":[0,0,0]},{"t":83.646484375,"s":[130.5,237,0]}],"ix":2,"l":2},"a":{"a":0,"k":[-107,2,0],"ix":1,"l":2},"s":{"a":0,"k":[100,100,100],"ix":6,"l":2}},"ao":0,"shapes":[{"ty":"gr","it":[{"ind":0,"ty":"sh","ix":1,"ks":{"a":1,"k":[{"i":{"x":0.833,"y":0.83},"o":{"x":0.333,"y":0},"t":0,"s":[{"i":[[0,0],[54,0],[0,0],[0,0],[-56.333,0],[0,0]],"o":[[0,0],[-54.333,0],[0,0],[0,0],[52,0],[0,0]],"v":[[162.5,-115],[0.5,-115],[-162.5,-115],[-162.5,115],[6.5,115],[162.5,115]],"c":true}]},{"i":{"x":0.117,"y":1},"o":{"x":0.167,"y":0.17},"t":9.832,"s":[{"i":[[0,0],[53.717,-4.092],[0,0],[0,0],[-56.038,4.269],[0,0]],"o":[[0,0],[-54.048,4.117],[0,0],[0,0],[51.727,-3.94],[0,0]],"v":[[153.218,-128.093],[-7.932,-115.817],[-162.5,-115],[-162.5,115],[15.465,112.522],[170.647,100.701]],"c":true}]},{"i":{"x":0.667,"y":1},"o":{"x":0.333,"y":0},"t":24.58,"s":[{"i":[[0,0],[53.387,8.114],[0,0],[0,0],[-55.694,-8.465],[0,0]],"o":[[0,0],[-53.716,-8.164],[0,0],[0,0],[51.41,7.813],[0,0]],"v":[[176.084,-85.977],[15.923,-110.319],[-162.5,-115],[-162.5,115],[-12.704,117.971],[141.525,141.412]],"c":true}]},{"i":{"x":0.667,"y":1},"o":{"x":0.333,"y":0},"t":43.262,"s":[{"i":[[0,0],[53.485,-7.441],[0,0],[0,0],[-55.796,7.762],[0,0]],"o":[[0,0],[-53.815,7.487],[0,0],[0,0],[51.504,-7.165],[0,0]],"v":[[145.622,-138.808],[-14.833,-116.485],[-162.5,-115],[-162.5,115],[22.803,110.494],[177.315,88.998]],"c":true}]},{"i":{"x":0.667,"y":1},"o":{"x":0.333,"y":0},"t":62.924,"s":[{"i":[[0,0],[54,0],[0,0],[0,0],[-56.333,0],[0,0]],"o":[[0,0],[-54.333,0],[0,0],[0,0],[52,0],[0,0]],"v":[[162.5,-115],[0.5,-115],[-162.5,-115],[-162.5,115],[6.5,115],[162.5,115]],"c":true}]},{"t":82.587890625,"s":[{"i":[[0,0],[54,0],[0,0],[0,0],[-56.333,0],[0,0]],"o":[[0,0],[-54.333,0],[0,0],[0,0],[52,0],[0,0]],"v":[[162.5,-115],[0.5,-115],[-162.5,-115],[-162.5,115],[6.5,115],[162.5,115]],"c":true}]}],"ix":2},"nm":"Path 1","mn":"ADBE Vector Shape - Group","hd":false},{"ty":"st","c":{"a":0,"k":[0.129,0.145,0.161,1],"ix":3,"x":"var $bm_rt;\n$bm_rt = comp('wired-outline-2510-money-safety').layer('control').effect('primary')('Color');"},"o":{"a":0,"k":100,"ix":4},"w":{"a":0,"k":12,"ix":5,"x":"var $bm_rt;\n$bm_rt = $bm_mul($bm_div(value, 2), comp('wired-outline-2510-money-safety').layer('control').effect('stroke')('Menu'));"},"lc":2,"lj":2,"bm":0,"nm":".primary","mn":"ADBE Vector Graphic - Stroke","hd":false,"cl":"primary"},{"ty":"tr","p":{"a":0,"k":[0,0],"ix":2},"a":{"a":0,"k":[0,0],"ix":1},"s":{"a":0,"k":[100,100],"ix":3},"r":{"a":0,"k":0,"ix":6},"o":{"a":0,"k":100,"ix":7},"sk":{"a":0,"k":0,"ix":4},"sa":{"a":0,"k":0,"ix":5},"nm":"Transform"}],"nm":"body","np":2,"cix":2,"bm":0,"ix":1,"mn":"ADBE Vector Group","hd":false}],"ip":10,"op":63,"st":-52,"ct":1,"bm":0},{"ddd":0,"ind":5,"ty":4,"nm":"Banktnote-3","sr":1,"ks":{"o":{"a":0,"k":100,"ix":11},"r":{"a":1,"k":[{"i":{"x":[0.117],"y":[1]},"o":{"x":[0.333],"y":[0]},"t":0,"s":[0]},{"i":{"x":[0.667],"y":[1]},"o":{"x":[0.333],"y":[0]},"t":21.176,"s":[10]},{"i":{"x":[0.667],"y":[1]},"o":{"x":[0.333],"y":[0]},"t":47.646,"s":[-5]},{"i":{"x":[0.667],"y":[1]},"o":{"x":[0.333],"y":[0]},"t":68.824,"s":[3]},{"t":90,"s":[0]}],"ix":10},"p":{"a":1,"k":[{"i":{"x":0.117,"y":1},"o":{"x":0.333,"y":0},"t":0,"s":[130.5,237,0],"to":[0,0,0],"ti":[0,0,0]},{"i":{"x":0.667,"y":1},"o":{"x":0.333,"y":0},"t":15,"s":[130.5,256,0],"to":[0,0,0],"ti":[0,0,0]},{"i":{"x":0.667,"y":1},"o":{"x":0.333,"y":0},"t":41.295,"s":[130.5,217,0],"to":[0,0,0],"ti":[0,0,0]},{"i":{"x":0.667,"y":1},"o":{"x":0.333,"y":0},"t":62.471,"s":[130.5,244,0],"to":[0,0,0],"ti":[0,0,0]},{"t":83.646484375,"s":[130.5,237,0]}],"ix":2,"l":2},"a":{"a":0,"k":[-107,2,0],"ix":1,"l":2},"s":{"a":0,"k":[100,100,100],"ix":6,"l":2}},"ao":0,"shapes":[{"ty":"gr","it":[{"ind":0,"ty":"sh","ix":1,"ks":{"a":1,"k":[{"i":{"x":0.833,"y":0.83},"o":{"x":0.333,"y":0},"t":0,"s":[{"i":[[0,0],[54,0],[0,0],[0,0],[-56.333,0],[0,0]],"o":[[0,0],[-54.333,0],[0,0],[0,0],[52,0],[0,0]],"v":[[162.5,-115],[0.5,-115],[-162.5,-115],[-162.5,115],[6.5,115],[162.5,115]],"c":true}]},{"i":{"x":0.117,"y":1},"o":{"x":0.167,"y":0.17},"t":9.832,"s":[{"i":[[0,0],[53.717,-4.092],[0,0],[0,0],[-56.038,4.269],[0,0]],"o":[[0,0],[-54.048,4.117],[0,0],[0,0],[51.727,-3.94],[0,0]],"v":[[153.218,-128.093],[-7.932,-115.817],[-162.5,-115],[-162.5,115],[15.465,112.522],[170.647,100.701]],"c":true}]},{"i":{"x":0.667,"y":1},"o":{"x":0.333,"y":0},"t":24.58,"s":[{"i":[[0,0],[53.387,8.114],[0,0],[0,0],[-55.694,-8.465],[0,0]],"o":[[0,0],[-53.716,-8.164],[0,0],[0,0],[51.41,7.813],[0,0]],"v":[[176.084,-85.977],[15.923,-110.319],[-162.5,-115],[-162.5,115],[-12.704,117.971],[141.525,141.412]],"c":true}]},{"i":{"x":0.667,"y":1},"o":{"x":0.333,"y":0},"t":43.262,"s":[{"i":[[0,0],[53.485,-7.441],[0,0],[0,0],[-55.796,7.762],[0,0]],"o":[[0,0],[-53.815,7.487],[0,0],[0,0],[51.504,-7.165],[0,0]],"v":[[145.622,-138.808],[-14.833,-116.485],[-162.5,-115],[-162.5,115],[22.803,110.494],[177.315,88.998]],"c":true}]},{"i":{"x":0.667,"y":1},"o":{"x":0.333,"y":0},"t":62.924,"s":[{"i":[[0,0],[54,0],[0,0],[0,0],[-56.333,0],[0,0]],"o":[[0,0],[-54.333,0],[0,0],[0,0],[52,0],[0,0]],"v":[[162.5,-115],[0.5,-115],[-162.5,-115],[-162.5,115],[6.5,115],[162.5,115]],"c":true}]},{"t":82.587890625,"s":[{"i":[[0,0],[54,0],[0,0],[0,0],[-56.333,0],[0,0]],"o":[[0,0],[-54.333,0],[0,0],[0,0],[52,0],[0,0]],"v":[[162.5,-115],[0.5,-115],[-162.5,-115],[-162.5,115],[6.5,115],[162.5,115]],"c":true}]}],"ix":2},"nm":"Path 1","mn":"ADBE Vector Shape - Group","hd":false},{"ty":"tm","s":{"a":1,"k":[{"i":{"x":[0.833],"y":[0.833]},"o":{"x":[0.167],"y":[0.167]},"t":0,"s":[29]},{"i":{"x":[0.833],"y":[0.833]},"o":{"x":[0.167],"y":[0.167]},"t":5,"s":[30.356]},{"t":9,"s":[30]}],"ix":1},"e":{"a":1,"k":[{"i":{"x":[0.833],"y":[0.833]},"o":{"x":[0.167],"y":[0.167]},"t":0,"s":[85]},{"t":9,"s":[85]}],"ix":2},"o":{"a":0,"k":65,"ix":3},"m":1,"ix":2,"nm":"Trim Paths 1","mn":"ADBE Vector Filter - Trim","hd":false},{"ty":"st","c":{"a":0,"k":[0.129,0.145,0.161,1],"ix":3,"x":"var $bm_rt;\n$bm_rt = comp('wired-outline-2510-money-safety').layer('control').effect('primary')('Color');"},"o":{"a":0,"k":100,"ix":4},"w":{"a":0,"k":12,"ix":5,"x":"var $bm_rt;\n$bm_rt = $bm_mul($bm_div(value, 2), comp('wired-outline-2510-money-safety').layer('control').effect('stroke')('Menu'));"},"lc":2,"lj":2,"bm":0,"nm":".primary","mn":"ADBE Vector Graphic - Stroke","hd":false,"cl":"primary"},{"ty":"tr","p":{"a":0,"k":[0,0],"ix":2},"a":{"a":0,"k":[0,0],"ix":1},"s":{"a":0,"k":[100,100],"ix":3},"r":{"a":0,"k":0,"ix":6},"o":{"a":0,"k":100,"ix":7},"sk":{"a":0,"k":0,"ix":4},"sa":{"a":0,"k":0,"ix":5},"nm":"Transform"}],"nm":"body","np":3,"cix":2,"bm":0,"ix":1,"mn":"ADBE Vector Group","hd":false}],"ip":0,"op":10,"st":-52,"ct":1,"bm":0}]},{"id":"comp_5","nm":"banknote-hover-2","fr":60,"layers":[{"ddd":0,"ind":1,"ty":4,"nm":"Banktone-1","sr":1,"ks":{"o":{"a":0,"k":100,"ix":11},"r":{"a":0,"k":0,"ix":10},"p":{"a":1,"k":[{"i":{"x":0.24,"y":1},"o":{"x":0.333,"y":0},"t":0,"s":[197.5,195,0],"to":[0,0,0],"ti":[0,0,0]},{"t":30,"s":[-198.5,195,0]}],"ix":2,"l":2},"a":{"a":0,"k":[0,0,0],"ix":1,"l":2},"s":{"a":0,"k":[100,100,100],"ix":6,"l":2}},"ao":0,"shapes":[{"ty":"gr","it":[{"ind":0,"ty":"sh","ix":1,"ks":{"a":0,"k":{"i":[[0,0],[0,0]],"o":[[0,0],[0,0]],"v":[[-70,0],[-70,0]],"c":false},"ix":2},"nm":"Path 1","mn":"ADBE Vector Shape - Group","hd":false},{"ind":1,"ty":"sh","ix":2,"ks":{"a":0,"k":{"i":[[0,0],[0,0]],"o":[[0,0],[0,0]],"v":[[70.25,0],[70.25,0]],"c":false},"ix":2},"nm":"Path 2","mn":"ADBE Vector Shape - Group","hd":false},{"ty":"st","c":{"a":0,"k":[0.129,0.145,0.161,1],"ix":3,"x":"var $bm_rt;\n$bm_rt = comp('wired-outline-2510-money-safety').layer('control').effect('secondary')('Color');"},"o":{"a":0,"k":100,"ix":4},"w":{"a":0,"k":15,"ix":5,"x":"var $bm_rt;\n$bm_rt = $bm_mul($bm_div(value, 2), comp('wired-outline-2510-money-safety').layer('control').effect('stroke')('Menu'));"},"lc":2,"lj":2,"bm":0,"nm":".secondary","mn":"ADBE Vector Graphic - Stroke","hd":false,"cl":"secondary"},{"ty":"tr","p":{"a":0,"k":[0,0],"ix":2},"a":{"a":0,"k":[0,0],"ix":1},"s":{"a":0,"k":[100,100],"ix":3},"r":{"a":0,"k":0,"ix":6},"o":{"a":0,"k":100,"ix":7},"sk":{"a":0,"k":0,"ix":4},"sa":{"a":0,"k":0,"ix":5},"nm":"Transform"}],"nm":"banknote frame 2","np":3,"cix":2,"bm":0,"ix":1,"mn":"ADBE Vector Group","hd":false},{"ty":"gr","it":[{"ind":0,"ty":"sh","ix":1,"ks":{"a":0,"k":{"i":[[0,0],[0,0],[0,0],[0,0]],"o":[[0,0],[0,0],[0,0],[0,0]],"v":[[162.5,-115],[-162.5,-115],[-162.5,115],[162.5,115]],"c":true},"ix":2},"nm":"Path 1","mn":"ADBE Vector Shape - Group","hd":false},{"ty":"st","c":{"a":0,"k":[0.129,0.145,0.161,1],"ix":3,"x":"var $bm_rt;\n$bm_rt = comp('wired-outline-2510-money-safety').layer('control').effect('primary')('Color');"},"o":{"a":0,"k":100,"ix":4},"w":{"a":0,"k":12,"ix":5,"x":"var $bm_rt;\n$bm_rt = $bm_mul($bm_div(value, 2), comp('wired-outline-2510-money-safety').layer('control').effect('stroke')('Menu'));"},"lc":2,"lj":2,"bm":0,"nm":".primary","mn":"ADBE Vector Graphic - Stroke","hd":false,"cl":"primary"},{"ty":"tr","p":{"a":0,"k":[0,0],"ix":2},"a":{"a":0,"k":[0,0],"ix":1},"s":{"a":0,"k":[100,100],"ix":3},"r":{"a":0,"k":0,"ix":6},"o":{"a":0,"k":100,"ix":7},"sk":{"a":0,"k":0,"ix":4},"sa":{"a":0,"k":0,"ix":5},"nm":"Transform"}],"nm":"body","np":2,"cix":2,"bm":0,"ix":2,"mn":"ADBE Vector Group","hd":false},{"ty":"gr","it":[{"ind":0,"ty":"sh","ix":1,"ks":{"a":0,"k":{"i":[[0,0],[0,16.569],[0,0],[-16.569,0],[0,0],[0,-16.569],[0,0],[16.569,0]],"o":[[16.569,0],[0,0],[0,16.569],[0,0],[-16.569,0],[0,0],[0,-16.569],[0,0]],"v":[[-127.5,-50],[-97.5,-80],[97.5,-80],[127.5,-50],[127.5,50],[97.5,80],[-97.5,80],[-127.5,50]],"c":true},"ix":2},"nm":"Path 1","mn":"ADBE Vector Shape - Group","hd":false},{"ty":"st","c":{"a":0,"k":[0.129,0.145,0.161,1],"ix":3,"x":"var $bm_rt;\n$bm_rt = comp('wired-outline-2510-money-safety').layer('control').effect('primary')('Color');"},"o":{"a":0,"k":100,"ix":4},"w":{"a":0,"k":12,"ix":5,"x":"var $bm_rt;\n$bm_rt = $bm_mul($bm_div(value, 2), comp('wired-outline-2510-money-safety').layer('control').effect('stroke')('Menu'));"},"lc":2,"lj":2,"bm":0,"nm":".primary","mn":"ADBE Vector Graphic - Stroke","hd":false,"cl":"primary"},{"ty":"tr","p":{"a":0,"k":[0,0],"ix":2},"a":{"a":0,"k":[0,0],"ix":1},"s":{"a":0,"k":[100,100],"ix":3},"r":{"a":0,"k":0,"ix":6},"o":{"a":0,"k":100,"ix":7},"sk":{"a":0,"k":0,"ix":4},"sa":{"a":0,"k":0,"ix":5},"nm":"Transform"}],"nm":"banknote frame","np":2,"cix":2,"bm":0,"ix":3,"mn":"ADBE Vector Group","hd":false},{"ty":"gr","it":[{"d":1,"ty":"el","s":{"a":0,"k":[70,70],"ix":2},"p":{"a":0,"k":[0,0],"ix":3},"nm":"Ellipse Path 1","mn":"ADBE Vector Shape - Ellipse","hd":false},{"ty":"st","c":{"a":0,"k":[0.129,0.145,0.161,1],"ix":3,"x":"var $bm_rt;\n$bm_rt = comp('wired-outline-2510-money-safety').layer('control').effect('secondary')('Color');"},"o":{"a":0,"k":100,"ix":4},"w":{"a":0,"k":12,"ix":5,"x":"var $bm_rt;\n$bm_rt = $bm_mul($bm_div(value, 2), comp('wired-outline-2510-money-safety').layer('control').effect('stroke')('Menu'));"},"lc":2,"lj":2,"bm":0,"nm":".secondary","mn":"ADBE Vector Graphic - Stroke","hd":false,"cl":"secondary"},{"ty":"tr","p":{"a":0,"k":[0,0],"ix":2},"a":{"a":0,"k":[0,0],"ix":1},"s":{"a":0,"k":[100,100],"ix":3},"r":{"a":0,"k":0,"ix":6},"o":{"a":0,"k":100,"ix":7},"sk":{"a":0,"k":0,"ix":4},"sa":{"a":0,"k":0,"ix":5},"nm":"Transform"}],"nm":"circle","np":2,"cix":2,"bm":0,"ix":4,"mn":"ADBE Vector Group","hd":false}],"ip":0,"op":1800,"st":0,"ct":1,"bm":0},{"ddd":0,"ind":2,"ty":4,"nm":"mask 2","td":1,"sr":1,"ks":{"o":{"a":0,"k":100,"ix":11},"r":{"a":0,"k":0,"ix":10},"p":{"a":1,"k":[{"i":{"x":0.24,"y":1},"o":{"x":0.333,"y":0},"t":0,"s":[197.5,195,0],"to":[0,0,0],"ti":[0,0,0]},{"t":30,"s":[-198.5,195,0]}],"ix":2,"l":2},"a":{"a":0,"k":[0,0,0],"ix":1,"l":2},"s":{"a":0,"k":[100,100,100],"ix":6,"l":2}},"ao":0,"shapes":[{"ty":"gr","it":[{"ind":0,"ty":"sh","ix":1,"ks":{"a":0,"k":{"i":[[0,0],[0,0],[0,0],[0,0]],"o":[[0,0],[0,0],[0,0],[0,0]],"v":[[162.5,-115],[-162.5,-115],[-162.5,115],[162.5,115]],"c":true},"ix":2},"nm":"Path 1","mn":"ADBE Vector Shape - Group","hd":false},{"ty":"fl","c":{"a":0,"k":[1,0,0,1],"ix":4},"o":{"a":0,"k":100,"ix":5},"r":1,"bm":0,"nm":"Fill 1","mn":"ADBE Vector Graphic - Fill","hd":false},{"ty":"tr","p":{"a":0,"k":[0,0],"ix":2},"a":{"a":0,"k":[0,0],"ix":1},"s":{"a":0,"k":[100,100],"ix":3},"r":{"a":0,"k":0,"ix":6},"o":{"a":0,"k":100,"ix":7},"sk":{"a":0,"k":0,"ix":4},"sa":{"a":0,"k":0,"ix":5},"nm":"Transform"}],"nm":"body","np":2,"cix":2,"bm":0,"ix":1,"mn":"ADBE Vector Group","hd":false}],"ip":0,"op":1800,"st":0,"ct":1,"bm":0},{"ddd":0,"ind":3,"ty":4,"nm":"Banktnote-2","tt":2,"tp":2,"sr":1,"ks":{"o":{"a":0,"k":100,"ix":11},"r":{"a":0,"k":0,"ix":10},"p":{"a":1,"k":[{"i":{"x":0.2,"y":1},"o":{"x":0.27,"y":0},"t":0,"s":[237.5,235,0],"to":[0,0,0],"ti":[0,0,0]},{"t":40,"s":[197.5,195,0]}],"ix":2,"l":2},"a":{"a":0,"k":[0,0,0],"ix":1,"l":2},"s":{"a":0,"k":[100,100,100],"ix":6,"l":2}},"ao":0,"shapes":[{"ty":"gr","it":[{"ind":0,"ty":"sh","ix":1,"ks":{"a":0,"k":{"i":[[0,0],[0,0]],"o":[[0,0],[0,0]],"v":[[-70,0],[-70,0]],"c":false},"ix":2},"nm":"Path 1","mn":"ADBE Vector Shape - Group","hd":false},{"ind":1,"ty":"sh","ix":2,"ks":{"a":0,"k":{"i":[[0,0],[0,0]],"o":[[0,0],[0,0]],"v":[[70.25,0],[70.25,0]],"c":false},"ix":2},"nm":"Path 2","mn":"ADBE Vector Shape - Group","hd":false},{"ty":"st","c":{"a":0,"k":[0.129,0.145,0.161,1],"ix":3,"x":"var $bm_rt;\n$bm_rt = comp('wired-outline-2510-money-safety').layer('control').effect('secondary')('Color');"},"o":{"a":0,"k":100,"ix":4},"w":{"a":1,"k":[{"i":{"x":[0.2],"y":[1]},"o":{"x":[0.27],"y":[0]},"t":0,"s":[15]},{"t":40,"s":[15]}],"ix":5,"x":"var $bm_rt;\n$bm_rt = $bm_mul($bm_div(value, 2), comp('wired-outline-2510-money-safety').layer('control').effect('stroke')('Menu'));"},"lc":2,"lj":2,"bm":0,"nm":".secondary","mn":"ADBE Vector Graphic - Stroke","hd":false,"cl":"secondary"},{"ty":"tr","p":{"a":0,"k":[0,0],"ix":2},"a":{"a":0,"k":[0,0],"ix":1},"s":{"a":0,"k":[100,100],"ix":3},"r":{"a":0,"k":0,"ix":6},"o":{"a":0,"k":100,"ix":7},"sk":{"a":0,"k":0,"ix":4},"sa":{"a":0,"k":0,"ix":5},"nm":"Transform"}],"nm":"banknote frame 2","np":3,"cix":2,"bm":0,"ix":1,"mn":"ADBE Vector Group","hd":false},{"ty":"gr","it":[{"ind":0,"ty":"sh","ix":1,"ks":{"a":1,"k":[{"i":{"x":0.2,"y":1},"o":{"x":0.27,"y":0},"t":0,"s":[{"i":[[0,0],[0,0],[0,0],[0,0]],"o":[[0,0],[0,0],[0,0],[0,0]],"v":[[162.5,-115],[-162.5,-115],[-162.5,115],[162.5,115]],"c":true}]},{"t":40,"s":[{"i":[[0,0],[0,0],[0,0],[0,0]],"o":[[0,0],[0,0],[0,0],[0,0]],"v":[[162.5,-115],[-162.5,-115],[-162.5,115],[162.5,115]],"c":true}]}],"ix":2},"nm":"Path 1","mn":"ADBE Vector Shape - Group","hd":false},{"ty":"st","c":{"a":0,"k":[0.129,0.145,0.161,1],"ix":3,"x":"var $bm_rt;\n$bm_rt = comp('wired-outline-2510-money-safety').layer('control').effect('primary')('Color');"},"o":{"a":0,"k":100,"ix":4},"w":{"a":0,"k":12,"ix":5,"x":"var $bm_rt;\n$bm_rt = $bm_mul($bm_div(value, 2), comp('wired-outline-2510-money-safety').layer('control').effect('stroke')('Menu'));"},"lc":2,"lj":2,"bm":0,"nm":".primary","mn":"ADBE Vector Graphic - Stroke","hd":false,"cl":"primary"},{"ty":"tr","p":{"a":0,"k":[0,0],"ix":2},"a":{"a":0,"k":[0,0],"ix":1},"s":{"a":0,"k":[100,100],"ix":3},"r":{"a":0,"k":0,"ix":6},"o":{"a":0,"k":100,"ix":7},"sk":{"a":0,"k":0,"ix":4},"sa":{"a":0,"k":0,"ix":5},"nm":"Transform"}],"nm":"body","np":2,"cix":2,"bm":0,"ix":2,"mn":"ADBE Vector Group","hd":false},{"ty":"gr","it":[{"ind":0,"ty":"sh","ix":1,"ks":{"a":1,"k":[{"i":{"x":0.2,"y":1},"o":{"x":0.27,"y":0},"t":0,"s":[{"i":[[0,0],[0,16.569],[0,0],[-16.569,0],[0,0],[0,-16.569],[0,0],[16.569,0]],"o":[[16.569,0],[0,0],[0,16.569],[0,0],[-16.569,0],[0,0],[0,-16.569],[0,0]],"v":[[-115,-45],[-85,-75],[85,-75],[115,-45],[115,45],[85,75],[-85,75],[-115,45]],"c":true}]},{"t":40,"s":[{"i":[[0,0],[0,16.569],[0,0],[-16.569,0],[0,0],[0,-16.569],[0,0],[16.569,0]],"o":[[16.569,0],[0,0],[0,16.569],[0,0],[-16.569,0],[0,0],[0,-16.569],[0,0]],"v":[[-127.5,-50],[-97.5,-80],[97.5,-80],[127.5,-50],[127.5,50],[97.5,80],[-97.5,80],[-127.5,50]],"c":true}]}],"ix":2},"nm":"Path 1","mn":"ADBE Vector Shape - Group","hd":false},{"ty":"st","c":{"a":0,"k":[0.129,0.145,0.161,1],"ix":3,"x":"var $bm_rt;\n$bm_rt = comp('wired-outline-2510-money-safety').layer('control').effect('primary')('Color');"},"o":{"a":0,"k":100,"ix":4},"w":{"a":0,"k":12,"ix":5,"x":"var $bm_rt;\n$bm_rt = $bm_mul($bm_div(value, 2), comp('wired-outline-2510-money-safety').layer('control').effect('stroke')('Menu'));"},"lc":2,"lj":2,"bm":0,"nm":".primary","mn":"ADBE Vector Graphic - Stroke","hd":false,"cl":"primary"},{"ty":"tr","p":{"a":0,"k":[0,0],"ix":2},"a":{"a":0,"k":[0,0],"ix":1},"s":{"a":0,"k":[100,100],"ix":3},"r":{"a":0,"k":0,"ix":6},"o":{"a":0,"k":100,"ix":7},"sk":{"a":0,"k":0,"ix":4},"sa":{"a":0,"k":0,"ix":5},"nm":"Transform"}],"nm":"banknote frame","np":2,"cix":2,"bm":0,"ix":3,"mn":"ADBE Vector Group","hd":false},{"ty":"gr","it":[{"d":1,"ty":"el","s":{"a":1,"k":[{"i":{"x":[0.2,0.2],"y":[1,1]},"o":{"x":[0.27,0.27],"y":[0,0]},"t":0,"s":[70,70]},{"t":40,"s":[70,70]}],"ix":2},"p":{"a":0,"k":[0,0],"ix":3},"nm":"Ellipse Path 1","mn":"ADBE Vector Shape - Ellipse","hd":false},{"ty":"st","c":{"a":0,"k":[0.129,0.145,0.161,1],"ix":3,"x":"var $bm_rt;\n$bm_rt = comp('wired-outline-2510-money-safety').layer('control').effect('secondary')('Color');"},"o":{"a":0,"k":100,"ix":4},"w":{"a":0,"k":12,"ix":5,"x":"var $bm_rt;\n$bm_rt = $bm_mul($bm_div(value, 2), comp('wired-outline-2510-money-safety').layer('control').effect('stroke')('Menu'));"},"lc":2,"lj":2,"bm":0,"nm":".secondary","mn":"ADBE Vector Graphic - Stroke","hd":false,"cl":"secondary"},{"ty":"tr","p":{"a":0,"k":[0,0],"ix":2},"a":{"a":0,"k":[0,0],"ix":1},"s":{"a":0,"k":[100,100],"ix":3},"r":{"a":0,"k":0,"ix":6},"o":{"a":0,"k":100,"ix":7},"sk":{"a":0,"k":0,"ix":4},"sa":{"a":0,"k":0,"ix":5},"nm":"Transform"}],"nm":"circle","np":2,"cix":2,"bm":0,"ix":4,"mn":"ADBE Vector Group","hd":false}],"ip":0,"op":225,"st":1,"ct":1,"bm":0},{"ddd":0,"ind":4,"ty":4,"nm":"Banktnote-4","sr":1,"ks":{"o":{"a":0,"k":100,"ix":11},"r":{"a":0,"k":0,"ix":10},"p":{"a":0,"k":[237.5,235,0],"ix":2,"l":2},"a":{"a":0,"k":[0,0,0],"ix":1,"l":2},"s":{"a":0,"k":[100,100,100],"ix":6,"l":2}},"ao":0,"shapes":[{"ty":"gr","it":[{"ind":0,"ty":"sh","ix":1,"ks":{"a":0,"k":{"i":[[0,0],[0,0],[0,0],[0,0]],"o":[[0,0],[0,0],[0,0],[0,0]],"v":[[162.5,-115],[-162.5,-115],[-162.5,115],[162.5,115]],"c":true},"ix":2},"nm":"Path 1","mn":"ADBE Vector Shape - Group","hd":false},{"ty":"tm","s":{"a":1,"k":[{"i":{"x":[0.667],"y":[1]},"o":{"x":[0.167],"y":[0.167]},"t":33,"s":[29]},{"t":40,"s":[28.9]}],"ix":1},"e":{"a":1,"k":[{"i":{"x":[0.667],"y":[1]},"o":{"x":[0.167],"y":[0]},"t":33,"s":[85]},{"t":40,"s":[85]}],"ix":2},"o":{"a":0,"k":65,"ix":3},"m":1,"ix":2,"nm":"Trim Paths 1","mn":"ADBE Vector Filter - Trim","hd":false},{"ty":"st","c":{"a":0,"k":[0.129,0.145,0.161,1],"ix":3,"x":"var $bm_rt;\n$bm_rt = comp('wired-outline-2510-money-safety').layer('control').effect('primary')('Color');"},"o":{"a":0,"k":100,"ix":4},"w":{"a":0,"k":12,"ix":5,"x":"var $bm_rt;\n$bm_rt = $bm_mul($bm_div(value, 2), comp('wired-outline-2510-money-safety').layer('control').effect('stroke')('Menu'));"},"lc":2,"lj":2,"bm":0,"nm":".primary","mn":"ADBE Vector Graphic - Stroke","hd":false,"cl":"primary"},{"ty":"tr","p":{"a":0,"k":[0,0],"ix":2},"a":{"a":0,"k":[0,0],"ix":1},"s":{"a":0,"k":[100,100],"ix":3},"r":{"a":0,"k":0,"ix":6},"o":{"a":0,"k":100,"ix":7},"sk":{"a":0,"k":0,"ix":4},"sa":{"a":0,"k":0,"ix":5},"nm":"Transform"}],"nm":"body","np":3,"cix":2,"bm":0,"ix":1,"mn":"ADBE Vector Group","hd":false}],"ip":33,"op":1781,"st":-19,"ct":1,"bm":0},{"ddd":0,"ind":5,"ty":4,"nm":"mask","td":1,"sr":1,"ks":{"o":{"a":0,"k":100,"ix":11},"r":{"a":0,"k":0,"ix":10},"p":{"a":1,"k":[{"i":{"x":0.2,"y":1},"o":{"x":0.27,"y":0},"t":0,"s":[237.5,235,0],"to":[0,0,0],"ti":[0,0,0]},{"t":40,"s":[197.5,195,0]}],"ix":2,"l":2},"a":{"a":0,"k":[0,0,0],"ix":1,"l":2},"s":{"a":0,"k":[100,100,100],"ix":6,"l":2}},"ao":0,"shapes":[{"ty":"gr","it":[{"ind":0,"ty":"sh","ix":1,"ks":{"a":1,"k":[{"i":{"x":0.2,"y":1},"o":{"x":0.27,"y":0},"t":0,"s":[{"i":[[0,0],[0,0],[0,0],[0,0]],"o":[[0,0],[0,0],[0,0],[0,0]],"v":[[162.5,-115],[-162.5,-115],[-162.5,115],[162.5,115]],"c":true}]},{"t":40,"s":[{"i":[[0,0],[0,0],[0,0],[0,0]],"o":[[0,0],[0,0],[0,0],[0,0]],"v":[[162.5,-115],[-162.5,-115],[-162.5,115],[162.5,115]],"c":true}]}],"ix":2},"nm":"Path 1","mn":"ADBE Vector Shape - Group","hd":false},{"ty":"fl","c":{"a":0,"k":[1,0,0,1],"ix":4},"o":{"a":0,"k":100,"ix":5},"r":1,"bm":0,"nm":"Fill 1","mn":"ADBE Vector Graphic - Fill","hd":false},{"ty":"tr","p":{"a":0,"k":[0,0],"ix":2},"a":{"a":0,"k":[0,0],"ix":1},"s":{"a":0,"k":[100,100],"ix":3},"r":{"a":0,"k":0,"ix":6},"o":{"a":0,"k":100,"ix":7},"sk":{"a":0,"k":0,"ix":4},"sa":{"a":0,"k":0,"ix":5},"nm":"Transform"}],"nm":"body","np":2,"cix":2,"bm":0,"ix":1,"mn":"ADBE Vector Group","hd":false}],"ip":0,"op":33,"st":1,"ct":1,"bm":0},{"ddd":0,"ind":6,"ty":4,"nm":"Banktnote-3","tt":2,"tp":5,"sr":1,"ks":{"o":{"a":0,"k":100,"ix":11},"r":{"a":0,"k":0,"ix":10},"p":{"a":0,"k":[237.5,235,0],"ix":2,"l":2},"a":{"a":0,"k":[0,0,0],"ix":1,"l":2},"s":{"a":0,"k":[100,100,100],"ix":6,"l":2}},"ao":0,"shapes":[{"ty":"gr","it":[{"ind":0,"ty":"sh","ix":1,"ks":{"a":1,"k":[{"i":{"x":0.833,"y":0.833},"o":{"x":0.167,"y":0.167},"t":1,"s":[{"i":[[0,0],[0,0],[0,0],[0,0]],"o":[[0,0],[0,0],[0,0],[0,0]],"v":[[23.675,-26],[-28.425,-26],[-28.425,26],[23.675,26]],"c":true}]},{"i":{"x":0.833,"y":0.833},"o":{"x":0.167,"y":0.167},"t":5,"s":[{"i":[[0,0],[0,0],[0,0],[0,0]],"o":[[0,0],[0,0],[0,0],[0,0]],"v":[[62.75,-65],[-67.5,-65],[-67.5,65],[62.75,65]],"c":true}]},{"i":{"x":0.833,"y":0.833},"o":{"x":0.167,"y":0.167},"t":12,"s":[{"i":[[0,0],[0,0],[0,0],[0,0]],"o":[[0,0],[0,0],[0,0],[0,0]],"v":[[141.906,-65],[-142.5,-65],[-142.5,65],[141.906,65]],"c":true}]},{"i":{"x":0.833,"y":0.833},"o":{"x":0.167,"y":0.167},"t":13,"s":[{"i":[[0,0],[0,0],[0,0],[0,0]],"o":[[0,0],[0,0],[0,0],[0,0]],"v":[[147.5,-65],[-147.5,-65],[-147.5,65],[147.5,65]],"c":true}]},{"i":{"x":0,"y":1},"o":{"x":0.167,"y":0.167},"t":14,"s":[{"i":[[0,0],[0,0],[0,0],[0,0]],"o":[[0,0],[0,0],[0,0],[0,0]],"v":[[148.835,-68.201],[-148.835,-68.201],[-148.835,68.201],[148.835,68.201]],"c":true}]},{"t":40,"s":[{"i":[[0,0],[0,0],[0,0],[0,0]],"o":[[0,0],[0,0],[0,0],[0,0]],"v":[[162.5,-115],[-162.5,-115],[-162.5,115],[162.5,115]],"c":true}]}],"ix":2},"nm":"Path 1","mn":"ADBE Vector Shape - Group","hd":false},{"ty":"st","c":{"a":0,"k":[0.129,0.145,0.161,1],"ix":3,"x":"var $bm_rt;\n$bm_rt = comp('wired-outline-2510-money-safety').layer('control').effect('primary')('Color');"},"o":{"a":0,"k":100,"ix":4},"w":{"a":0,"k":12,"ix":5,"x":"var $bm_rt;\n$bm_rt = $bm_mul($bm_div(value, 2), comp('wired-outline-2510-money-safety').layer('control').effect('stroke')('Menu'));"},"lc":2,"lj":2,"bm":0,"nm":".primary","mn":"ADBE Vector Graphic - Stroke","hd":false,"cl":"primary"},{"ty":"tr","p":{"a":0,"k":[0,0],"ix":2},"a":{"a":0,"k":[0,0],"ix":1},"s":{"a":0,"k":[100,100],"ix":3},"r":{"a":0,"k":0,"ix":6},"o":{"a":0,"k":100,"ix":7},"sk":{"a":0,"k":0,"ix":4},"sa":{"a":0,"k":0,"ix":5},"nm":"Transform"}],"nm":"body","np":2,"cix":2,"bm":0,"ix":1,"mn":"ADBE Vector Group","hd":false}],"ip":1,"op":33,"st":1,"ct":1,"bm":0}]}],"layers":[{"ddd":0,"ind":1,"ty":3,"nm":"control","sr":1,"ks":{"o":{"a":0,"k":0,"ix":11},"r":{"a":0,"k":0,"ix":10},"p":{"a":0,"k":[0,0],"ix":2,"l":2},"a":{"a":0,"k":[0,0,0],"ix":1,"l":2},"s":{"a":0,"k":[100,100,100],"ix":6,"l":2}},"ao":0,"ef":[{"ty":5,"nm":"stroke","np":3,"mn":"Pseudo/@@mkH5qHYuQ2+oLL1YckHpAA","ix":1,"en":1,"ef":[{"ty":7,"nm":"Menu","mn":"Pseudo/@@mkH5qHYuQ2+oLL1YckHpAA-0001","ix":1,"v":{"a":0,"k":2,"ix":1}}]},{"ty":5,"nm":"primary","np":3,"mn":"ADBE Color Control","ix":2,"en":1,"ef":[{"ty":2,"nm":"Color","mn":"ADBE Color Control-0001","ix":1,"v":{"a":0,"k":[0.129,0.145,0.161],"ix":1}}]},{"ty":5,"nm":"secondary","np":3,"mn":"ADBE Color Control","ix":3,"en":1,"ef":[{"ty":2,"nm":"Color","mn":"ADBE Color Control-0001","ix":1,"v":{"a":0,"k":[0.129,0.145,0.161],"ix":1}}]}],"ip":0,"op":231,"st":0,"bm":0},{"ddd":0,"ind":3,"ty":0,"nm":"hover-pinch","refId":"comp_2","sr":1,"ks":{"o":{"a":0,"k":100,"ix":11},"r":{"a":0,"k":0,"ix":10},"p":{"a":0,"k":[215,215,0],"ix":2,"l":2},"a":{"a":0,"k":[215,215,0],"ix":1,"l":2},"s":{"a":0,"k":[100,100,100],"ix":6,"l":2}},"ao":0,"w":430,"h":430,"ip":0,"op":100,"st":0,"bm":0}],"markers":[{"tm":0,"cm":"default:hover-pinch","dr":90}],"props":{}}